transaction_id,merchant_id,terminal_id,card_id,pan,pan_masked,cardholder_name,expiry_date,cvv,track2,card_network,transaction_type,amount,currency_code_numeric,currency_code_alpha,mcc,pos_entry_mode,auth_code,response_code,response_text,response_status,stan,retrieval_reference_number,avs_result,cvv_result,acquirer_id,timestamp
26d5831e-e656-4efc-8b6c-ae9d288f5407,MERCH000012,TERM000032,CARD000264,6011111137995634,601111******5634,Linda Hernandez,04/29,313,6011111137995634=290420163631797,DISCOVER,PURCHASE,824.30,392,JPY,5511,ECOM,381447,00,Approved,APPROVED,307804,430963480797,Y,P,ACQ-TESTPOC-001,2026-08-25T10:32:29Z
c98e3211-9980-4620-9a4a-6435f8b46a03,MERCH000001,TERM000004,CARD000169,4242420248193468,424242******3468,Arjun Wilson,08/30,506,4242420248193468=300820118091901,VISA,PURCHASE,159.05,702,SGD,5992,CHIP,167318,00,Approved,APPROVED,539302,261702437654,A,U,ACQ-TESTPOC-001,2026-08-27T00:54:00Z
d6cfee0d-c401-48ec-b4aa-892e5f985ee3,MERCH000006,TERM000017,CARD000056,30569327722177,305693****2177,Richard Johnson,05/27,305,30569327722177=270520148687403,DINERS,PURCHASE,635.28,392,JPY,7011,CONTACTLESS,313402,00,Approved,APPROVED,413711,650237416787,N,P,ACQ-TESTPOC-001,2026-08-21T14:06:32Z
e0165b92-92bb-47eb-928a-40a76a681866,MERCH000025,TERM000057,CARD000257,371449432806347,371449*****6347,Wei Thomas,02/30,1732,371449432806347=300220103093761,AMEX,VOID,814.07,978,EUR,5942,CHIP,225803,00,Approved,APPROVED,054567,569067447163,U,N,ACQ-TESTPOC-001,2026-08-12T12:06:08Z
5d0609e1-2739-420d-8e0d-04a213448606,MERCH000024,TERM000055,CARD000128,4000004078593211,400000******3211,Jessica Rodriguez,11/28,803,4000004078593211=281120196522395,VISA,PURCHASE,566.71,124,CAD,5422,CHIP,718923,96,System malfunction,DECLINED,896398,923126043260,U,N,ACQ-TESTPOC-001,2026-08-28T08:04:44Z
2ad27a76-0131-46b1-94ef-cd9d4eac50f0,MERCH000003,TERM000006,CARD000195,3530114722569961,353011******9961,David Hernandez,02/27,355,3530114722569961=270220144964759,JCB,PURCHASE,189.29,124,CAD,5511,CONTACTLESS,086041,00,Approved,APPROVED,282324,545635020005,N,P,ACQ-TESTPOC-001,2026-08-22T19:40:16Z
f421ae45-60c1-4a49-808c-68161694aad9,MERCH000016,TERM000039,CARD000311,371449150416592,371449*****6592,Elizabeth Smith,06/27,1777,371449150416592=270620149050975,AMEX,PURCHASE,284.81,392,JPY,5431,CHIP,082555,65,Exceeds withdrawal frequency limit,DECLINED,779020,989534396112,U,M,ACQ-TESTPOC-001,2026-09-01T22:48:44Z
9b1c65ba-1d05-42b0-8d10-9c083e005d33,MERCH000002,TERM000005,CARD000099,4111116617979689,411111******9689,Robert Rossi,09/30,589,4111116617979689=300920111352909,VISA,PURCHASE,526.54,356,INR,5422,ECOM,738202,00,Approved,APPROVED,201019,684855716176,U,M,ACQ-TESTPOC-001,2026-08-13T21:00:54Z
bf271be2-e8f5-4349-ae94-daab6da0f5b5,MERCH000006,TERM000017,CARD000357,5105103111508359,510510******8359,Amara Rodriguez,11/28,443,5105103111508359=281120192840445,MASTERCARD,PREAUTH,675.44,840,USD,7011,CHIP,678812,75,PIN tries exceeded,DECLINED,459008,868669432029,N,M,ACQ-TESTPOC-001,2026-08-06T07:41:58Z
72177cb9-cb7b-4d89-884d-a64a293b0a31,MERCH000017,TERM000041,CARD000258,6011114787005050,601111******5050,Linda Miller,07/27,878,6011114787005050=270720129310270,DISCOVER,PURCHASE,252.61,124,CAD,5812,SWIPE,123083,00,Approved,APPROVED,306019,024240338105,U,P,ACQ-TESTPOC-001,2026-08-13T12:26:44Z
dd5f9d59-51d5-47f1-9a38-5109e14b7725,MERCH000011,TERM000031,CARD000362,4242426323467297,424242******7297,Richard Taylor,10/29,743,4242426323467297=291020102716938,VISA,PURCHASE,251.37,484,MXN,5541,ECOM,053424,00,Approved,APPROVED,016398,891649837354,N,U,ACQ-TESTPOC-001,2026-08-07T18:43:14Z
fa473144-236f-4bcf-9a5f-c83e2f153379,MERCH000005,TERM000015,CARD000119,4000000307562209,400000******2209,Chidi Davis,04/30,654,4000000307562209=300420119518023,VISA,PURCHASE,80.54,710,ZAR,5651,CONTACTLESS,223972,00,Approved,APPROVED,679020,404226931216,N,U,ACQ-TESTPOC-001,2026-08-12T12:32:37Z
81cb6793-73af-4f64-a4dd-c7bbb099ab0a,MERCH000021,TERM000051,CARD000052,4111114782613753,411111******3753,Patricia Gonzalez,07/27,853,4111114782613753=270720161530515,VISA,PURCHASE,513.20,840,USD,5431,CONTACTLESS,010023,12,Invalid transaction,DECLINED,807526,142900185132,Z,U,ACQ-TESTPOC-001,2026-08-12T19:51:14Z
f22166f3-de90-4d75-b42e-67eb0d7f2a65,MERCH000006,TERM000017,CARD000170,6011111449147668,601111******7668,David Moore,08/27,326,6011111449147668=270820184245088,DISCOVER,PURCHASE,533.74,036,AUD,7011,CHIP,018418,00,Approved,APPROVED,929517,620303662543,Z,M,ACQ-TESTPOC-001,2026-08-21T07:44:57Z
61a1a23e-21bf-45c0-846b-dff1a07bbdcb,MERCH000016,TERM000038,CARD000057,2223000541566763,222300******6763,Emma Singh,03/29,758,2223000541566763=290320141616928,MASTERCARD,PURCHASE,101.48,392,JPY,5431,CHIP,922685,00,Approved,APPROVED,628738,262494514754,Y,M,ACQ-TESTPOC-001,2026-08-29T08:41:38Z
f01ea19c-e1a3-4300-a18c-cd7e4264cc47,MERCH000005,TERM000013,CARD000164,5105100666580049,510510******0049,Liam Santos,10/28,359,5105100666580049=281020189334721,MASTERCARD,PURCHASE,692.64,710,ZAR,5651,SWIPE,642152,30,Format error,DECLINED,190706,655767695236,Z,U,ACQ-TESTPOC-001,2026-08-31T23:31:14Z
9056d903-f91c-4ef0-b632-cd1c42f05409,MERCH000018,TERM000044,CARD000273,5105109242437541,510510******7541,Wei Martinez,03/27,729,5105109242437541=270320128422223,MASTERCARD,VOID,448.38,756,CHF,5411,ECOM,313503,00,Approved,APPROVED,891913,058721055247,N,U,ACQ-TESTPOC-001,2026-08-19T04:35:55Z
286c7446-70a3-4c17-ac0c-166e11d7f741,MERCH000008,TERM000023,CARD000115,2223002696582710,222300******2710,John Smith,10/27,430,2223002696582710=271020106848666,MASTERCARD,PREAUTH,122.47,702,SGD,5533,CHIP,650191,75,PIN tries exceeded,DECLINED,499988,920252131096,N,N,ACQ-TESTPOC-001,2026-09-03T12:51:53Z
3ddca9e3-0e98-4ecc-b1c3-be6442c84724,MERCH000016,TERM000038,CARD000384,371449178333217,371449*****3217,Mary Garcia,07/27,5643,371449178333217=270720147128715,AMEX,PREAUTH,377.93,392,JPY,5431,ECOM,041200,00,Approved,APPROVED,633521,282066784984,N,U,ACQ-TESTPOC-001,2026-08-19T13:40:30Z
e3ec1d6f-63dc-41a8-a970-1fb1494a0cac,MERCH000006,TERM000017,CARD000048,2223004665905153,222300******5153,Priya Martinez,09/27,492,2223004665905153=270920151925462,MASTERCARD,PURCHASE,48.54,484,MXN,7011,CHIP,891775,00,Approved,APPROVED,684405,662056341115,U,P,ACQ-TESTPOC-001,2026-08-19T23:51:13Z
d7149fc3-7e48-4f3a-893b-5aa528c7eee7,MERCH000001,TERM000002,CARD000145,4111118309652079,411111******2079,Fatima Gonzalez,05/29,609,4111118309652079=290520193538758,VISA,PURCHASE,643.29,840,USD,5992,CHIP,830341,00,Approved,APPROVED,597817,909700514054,Z,N,ACQ-TESTPOC-001,2026-08-30T18:53:56Z
8fcf06fb-66cd-4b03-ac53-67ee4d187ffd,MERCH000011,TERM000031,CARD000372,378282403553389,378282*****3389,Jessica Rossi,11/27,3968,378282403553389=271120152701713,AMEX,REFUND,762.14,756,CHF,5541,CHIP,820967,00,Approved,APPROVED,614841,042271133228,U,P,ACQ-TESTPOC-001,2026-08-25T07:15:17Z
c91a7d3f-495b-4e5b-800b-6efc9ce6a25e,MERCH000015,TERM000037,CARD000174,6011111291428349,601111******8349,John Andersson,12/27,080,6011111291428349=271220199693084,DISCOVER,VOID,757.19,840,USD,5941,ECOM,633991,65,Exceeds withdrawal frequency limit,DECLINED,159804,971024817175,N,P,ACQ-TESTPOC-001,2026-08-27T00:20:06Z
a282febe-0491-4cca-908e-6557b6eebb00,MERCH000006,TERM000016,CARD000144,5105103748969107,510510******9107,Hiroshi Martin,09/29,441,5105103748969107=290920171545444,MASTERCARD,PURCHASE,656.38,702,SGD,7011,CONTACTLESS,472197,00,Approved,APPROVED,041515,546692758955,Y,U,ACQ-TESTPOC-001,2026-08-18T00:37:55Z
fcc5884f-cc11-4daf-bb88-c819ffc0fede,MERCH000017,TERM000041,CARD000135,371449205061492,371449*****1492,Michael Smith,04/30,3241,371449205061492=300420171467741,AMEX,PURCHASE,630.15,840,USD,5812,ECOM,802146,91,Issuer or switch inoperative,DECLINED,165890,961367157787,Y,M,ACQ-TESTPOC-001,2026-08-07T14:57:21Z
48eec573-57a5-44e5-b724-b1578e7d3fc1,MERCH000006,TERM000016,CARD000204,378282300979257,378282*****9257,David Thomas,04/27,1950,378282300979257=270420105281273,AMEX,REFUND,291.72,392,JPY,7011,CONTACTLESS,371470,00,Approved,APPROVED,571559,272359096056,Z,N,ACQ-TESTPOC-001,2026-08-11T22:47:35Z
f6647c85-ef4c-4ad3-8ff8-73aa1b7bff69,MERCH000002,TERM000005,CARD000012,378282716572621,378282*****2621,Ethan Dubois,10/29,7769,378282716572621=291020145314737,AMEX,PURCHASE,71.97,826,GBP,5422,CONTACTLESS,614768,00,Approved,APPROVED,224505,420165423567,Z,N,ACQ-TESTPOC-001,2026-08-05T14:32:43Z
e539513e-6f87-45dc-9bb2-93bdc61edc31,MERCH000023,TERM000054,CARD000182,378282247314980,378282*****4980,Richard Smith,05/30,0981,378282247314980=300520180635651,AMEX,REFUND,665.83,356,INR,5812,CHIP,199255,43,Stolen card,DECLINED,014875,272751648072,Z,M,ACQ-TESTPOC-001,2026-08-06T13:23:36Z
b2e9c33a-c5ea-4117-b4e0-72157bb0c3bb,MERCH000002,TERM000005,CARD000382,4242420762091841,424242******1841,Liam Martin,06/28,786,4242420762091841=280620130505057,VISA,PURCHASE,321.55,484,MXN,5422,CHIP,390550,14,Invalid card number,DECLINED,316611,481776655868,A,M,ACQ-TESTPOC-001,2026-08-29T22:15:26Z
91277bce-e0c1-457c-9f6c-96382ed6aa4e,MERCH000006,TERM000017,CARD000220,4000008432562168,400000******2168,Jessica Jackson,07/28,264,4000008432562168=280720195782329,VISA,VOID,324.95,756,CHF,7011,ECOM,649111,00,Approved,APPROVED,093992,096179817890,A,U,ACQ-TESTPOC-001,2026-08-25T06:24:22Z
5e90842e-9a9c-46f6-a68e-d4de7b25f007,MERCH000007,TERM000019,CARD000398,4111114082226942,411111******6942,Yuki Singh,12/27,396,4111114082226942=271220172757844,VISA,PURCHASE,808.02,710,ZAR,5462,MANUAL,766053,00,Approved,APPROVED,532216,444463060002,A,P,ACQ-TESTPOC-001,2026-08-21T18:35:53Z
3c3a4a7b-bb2d-4d00-932d-ed7c3b51bc8a,MERCH000011,TERM000031,CARD000293,2223000333491147,222300******1147,David Smith,06/27,850,2223000333491147=270620176986407,MASTERCARD,PURCHASE,334.93,986,BRL,5541,MANUAL,962626,00,Approved,APPROVED,948092,582631281964,U,N,ACQ-TESTPOC-001,2026-08-23T04:24:35Z
44024e3f-d01c-4833-9a4b-48733267dc63,MERCH000011,TERM000031,CARD000048,2223004665905153,222300******5153,Priya Martinez,09/27,492,2223004665905153=270920151925462,MASTERCARD,REFUND,130.94,484,MXN,5541,ECOM,819602,00,Approved,APPROVED,475745,523343836404,Y,N,ACQ-TESTPOC-001,2026-09-03T11:33:00Z
c4334861-174c-4fed-997f-ae7cbee4f78f,MERCH000021,TERM000050,CARD000327,3530119756341088,353011******1088,William Taylor,07/29,843,3530119756341088=290720118848520,JCB,PURCHASE,91.91,978,EUR,5431,CONTACTLESS,211753,62,Restricted card,DECLINED,409783,170617136657,N,N,ACQ-TESTPOC-001,2026-08-18T08:52:31Z
f2c83f29-e2d4-4e26-b2a2-ba85c3e42b63,MERCH000010,TERM000028,CARD000092,5555553974014892,555555******4892,Chidi Smith,03/27,392,5555553974014892=270320161429396,MASTERCARD,PURCHASE,829.55,978,EUR,5422,CONTACTLESS,998028,54,Expired card,DECLINED,777725,413908088235,Y,N,ACQ-TESTPOC-001,2026-08-14T17:19:22Z
eb6a6933-9a3b-4124-b038-4b949e51c5b4,MERCH000001,TERM000003,CARD000071,4111118962309132,411111******9132,Chidi Wilson,08/27,263,4111118962309132=270820168970283,VISA,PURCHASE,233.34,036,AUD,5992,CHIP,584776,65,Exceeds withdrawal frequency limit,DECLINED,537559,634234619942,N,U,ACQ-TESTPOC-001,2026-08-29T09:13:16Z
82ed1946-6976-4d6d-996a-9033edf1d19f,MERCH000014,TERM000035,CARD000217,5105100514770537,510510******0537,Ethan Taylor,04/28,487,5105100514770537=280420192069804,MASTERCARD,PURCHASE,516.59,978,EUR,5651,CHIP,955172,00,Approved,APPROVED,932655,084964985601,N,P,ACQ-TESTPOC-001,2026-08-16T12:42:08Z
57089fe2-f7ab-402e-8081-df86c7417e92,MERCH000014,TERM000034,CARD000184,2223006213721388,222300******1388,Ava Martin,06/30,026,2223006213721388=300620101279611,MASTERCARD,PURCHASE,662.81,826,GBP,5651,CHIP,505379,00,Approved,APPROVED,833868,538164938318,A,M,ACQ-TESTPOC-001,2026-08-29T09:46:18Z
6c4d4589-b610-41bf-8f91-66de3fa2276c,MERCH000019,TERM000047,CARD000216,2223003559042594,222300******2594,Elizabeth Anderson,10/30,033,2223003559042594=301020152110392,MASTERCARD,PURCHASE,43.16,124,CAD,4814,CONTACTLESS,046117,00,Approved,APPROVED,179453,959639040907,A,N,ACQ-TESTPOC-001,2026-08-14T22:39:08Z
ffcf3cac-f60a-488d-b57f-6d41fa3f34b1,MERCH000013,TERM000033,CARD000274,4000005927452384,400000******2384,Chidi Lopez,11/27,257,4000005927452384=271120182841067,VISA,VOID,399.94,978,EUR,5941,MANUAL,644556,00,Approved,APPROVED,083641,857906477159,Y,M,ACQ-TESTPOC-001,2026-08-06T19:57:39Z
2c155d82-e512-45e7-b965-1e188805a8ba,MERCH000008,TERM000022,CARD000006,371449889579868,371449*****9868,Noah Anderson,03/30,4348,371449889579868=300320173471434,AMEX,PURCHASE,193.16,756,CHF,5533,CHIP,580040,00,Approved,APPROVED,116185,041459642297,Y,N,ACQ-TESTPOC-001,2026-09-01T08:39:05Z
8c961490-ea12-48fa-a207-c1c8e44edd1c,MERCH000011,TERM000031,CARD000386,4000004098366556,400000******6556,Hiroshi Jackson,09/28,316,4000004098366556=280920108752437,VISA,REFUND,448.92,356,INR,5541,CONTACTLESS,745731,00,Approved,APPROVED,276626,415833117030,N,U,ACQ-TESTPOC-001,2026-08-17T22:19:32Z
fab1d86b-b1f2-4314-988e-afd30c03e934,MERCH000013,TERM000033,CARD000250,6011110512927667,601111******7667,Liam Kowalski,11/28,239,6011110512927667=281120150410276,DISCOVER,PURCHASE,437.32,356,INR,5941,MANUAL,472812,00,Approved,APPROVED,229412,567983631462,A,M,ACQ-TESTPOC-001,2026-09-02T01:46:08Z
acc9bc24-e807-4ecd-b7ab-1ea8e908ba38,MERCH000005,TERM000015,CARD000055,6011118880670652,601111******0652,Mary Lopez,12/29,153,6011118880670652=291220119520585,DISCOVER,PURCHASE,227.48,826,GBP,5651,ECOM,875418,58,Transaction not permitted to terminal,DECLINED,088150,563268685074,A,M,ACQ-TESTPOC-001,2026-08-13T08:44:59Z
fb145a3f-569c-4a56-b5e6-01e2445bf5aa,MERCH000002,TERM000005,CARD000375,6011112467474687,601111******4687,Amara Jones,02/30,732,6011112467474687=300220130085766,DISCOVER,REFUND,505.35,826,GBP,5422,SWIPE,786103,00,Approved,APPROVED,116478,310094318143,U,U,ACQ-TESTPOC-001,2026-08-06T22:47:42Z
3c87914c-4fa6-49fd-b243-78add2b369b6,MERCH000013,TERM000033,CARD000052,4111114782613753,411111******3753,Patricia Gonzalez,07/27,853,4111114782613753=270720161530515,VISA,VOID,175.64,710,ZAR,5941,CHIP,549401,00,Approved,APPROVED,194069,897432512257,N,M,ACQ-TESTPOC-001,2026-08-28T12:07:04Z
37e1f1df-1fa8-48d9-b7e5-fe520d931a80,MERCH000022,TERM000052,CARD000220,4000008432562168,400000******2168,Jessica Jackson,07/28,264,4000008432562168=280720195782329,VISA,VOID,577.64,826,GBP,5411,CHIP,957907,57,Transaction not permitted to cardholder,DECLINED,915636,371009438822,Y,M,ACQ-TESTPOC-001,2026-08-26T11:48:44Z
ea2bc3ff-fa2d-462a-a90d-540622188abf,MERCH000010,TERM000030,CARD000172,3530110878141415,353011******1415,Camila Thomas,12/28,552,3530110878141415=281220131491357,JCB,PURCHASE,564.23,036,AUD,5422,CONTACTLESS,705458,96,System malfunction,DECLINED,812149,971480263257,Y,N,ACQ-TESTPOC-001,2026-08-21T20:12:38Z
b1f7dc55-dcec-4406-85f2-3ea283485ee3,MERCH000019,TERM000047,CARD000357,5105103111508359,510510******8359,Amara Rodriguez,11/28,443,5105103111508359=281120192840445,MASTERCARD,PURCHASE,543.28,756,CHF,4814,ECOM,878245,00,Approved,APPROVED,931130,569644309859,Y,U,ACQ-TESTPOC-001,2026-08-23T00:46:13Z
2b1cf480-6746-44b5-8cf1-9bf83e7c2c9c,MERCH000015,TERM000037,CARD000148,2223002500743292,222300******3292,Jennifer Jones,08/28,966,2223002500743292=280820166760083,MASTERCARD,REFUND,579.10,710,ZAR,5941,CONTACTLESS,982474,00,Approved,APPROVED,067755,407034910740,Z,P,ACQ-TESTPOC-001,2026-09-02T11:28:01Z
aac92e4d-a657-4365-9ed0-108bd48b7989,MERCH000022,TERM000052,CARD000026,371449026217455,371449*****7455,Jennifer Muller,11/30,5865,371449026217455=301120178091343,AMEX,VOID,565.86,356,INR,5411,SWIPE,214236,00,Approved,APPROVED,613652,143075366614,A,P,ACQ-TESTPOC-001,2026-08-28T07:37:04Z
5cbd8fc7-f898-418f-b1b6-7914e685d956,MERCH000006,TERM000017,CARD000348,4111118456797230,411111******7230,Patricia Jones,01/28,496,4111118456797230=280120185498227,VISA,PURCHASE,213.27,124,CAD,7011,SWIPE,344149,00,Approved,APPROVED,972154,782661287585,Z,P,ACQ-TESTPOC-001,2026-08-08T01:08:23Z
d530a07c-9edd-4aa9-b817-211ff3d1450a,MERCH000014,TERM000035,CARD000216,2223003559042594,222300******2594,Elizabeth Anderson,10/30,033,2223003559042594=301020152110392,MASTERCARD,PURCHASE,813.91,840,USD,5651,CHIP,294398,61,Exceeds withdrawal amount limit,DECLINED,391235,298940626078,Z,M,ACQ-TESTPOC-001,2026-08-05T22:30:59Z
53fc2c5c-287a-454e-b95a-8885cd2e57da,MERCH000003,TERM000006,CARD000139,4111112999119143,411111******9143,Thomas Gonzalez,07/29,799,4111112999119143=290720170246299,VISA,PREAUTH,481.06,036,AUD,5511,CONTACTLESS,019803,00,Approved,APPROVED,541342,287232440793,Y,M,ACQ-TESTPOC-001,2026-08-09T15:53:39Z
7be02b0c-d040-42ea-baef-967e1be5c5a5,MERCH000001,TERM000002,CARD000310,371449121513428,371449*****3428,Lucas Santos,12/28,4993,371449121513428=281220190892613,AMEX,VOID,403.21,978,EUR,5992,SWIPE,760146,00,Approved,APPROVED,507216,238497916202,N,N,ACQ-TESTPOC-001,2026-08-08T08:26:54Z
f4d6446a-ac08-4cb7-8413-58e1d7473090,MERCH000006,TERM000016,CARD000244,4111114058008514,411111******8514,Jessica Wilson,01/29,965,4111114058008514=290120166668327,VISA,PREAUTH,419.53,484,MXN,7011,CONTACTLESS,661766,00,Approved,APPROVED,155363,047196094097,Y,P,ACQ-TESTPOC-001,2026-08-21T02:41:18Z
8679563e-b522-43a6-b815-7bd82aa0da7b,MERCH000005,TERM000015,CARD000371,4242424363910250,424242******0250,Richard Jones,05/30,630,4242424363910250=300520139752450,VISA,PREAUTH,179.95,356,INR,5651,SWIPE,681225,00,Approved,APPROVED,687796,957244617679,N,P,ACQ-TESTPOC-001,2026-08-22T03:59:50Z
c090ccf8-1610-4687-b00d-30cf98e69da5,MERCH000005,TERM000014,CARD000302,5555552756041776,555555******1776,Omar Andersson,06/30,124,5555552756041776=300620181569857,MASTERCARD,PURCHASE,58.37,756,CHF,5651,MANUAL,231177,00,Approved,APPROVED,339381,331266109410,Y,U,ACQ-TESTPOC-001,2026-08-05T17:37:23Z
ff891ce6-f69d-4323-ba69-faac80e3cd62,MERCH000025,TERM000057,CARD000311,371449150416592,371449*****6592,Elizabeth Smith,06/27,1777,371449150416592=270620149050975,AMEX,PURCHASE,382.63,702,SGD,5942,ECOM,983347,00,Approved,APPROVED,458767,433268319013,Y,N,ACQ-TESTPOC-001,2026-08-16T11:00:49Z
1e622d5d-29a4-41a8-b9f5-ddf998fb72b3,MERCH000001,TERM000003,CARD000397,6011114971859486,601111******9486,Michael Andersson,10/29,025,6011114971859486=291020162588967,DISCOVER,PREAUTH,580.32,826,GBP,5992,ECOM,873397,00,Approved,APPROVED,525179,559821766191,N,P,ACQ-TESTPOC-001,2026-08-22T17:25:05Z
d3fcab38-2f20-4065-98d8-3690fb60b330,MERCH000004,TERM000008,CARD000256,4000008776618303,400000******8303,Noah Brown,12/30,985,4000008776618303=301220154601585,VISA,PURCHASE,698.31,124,CAD,5941,MANUAL,465124,00,Approved,APPROVED,078409,893898469081,U,U,ACQ-TESTPOC-001,2026-08-29T10:21:26Z
fcbee2c2-d036-4c9a-982a-86a906b84a1e,MERCH000009,TERM000026,CARD000017,3530110229413182,353011******3182,Hiroshi Rossi,10/30,938,3530110229413182=301020167749649,JCB,REFUND,119.26,840,USD,5462,MANUAL,503719,00,Approved,APPROVED,948252,905169918724,Y,M,ACQ-TESTPOC-001,2026-08-25T22:43:48Z
2664a605-e59d-4ce2-9663-ae9346eab8ae,MERCH000002,TERM000005,CARD000260,4242429825309256,424242******9256,Sarah Jones,02/27,625,4242429825309256=270220182739021,VISA,PURCHASE,19.21,124,CAD,5422,CHIP,389608,00,Approved,APPROVED,505595,066266821719,A,P,ACQ-TESTPOC-001,2026-08-28T15:37:33Z
66713b97-5b82-4fdd-8191-10a44a4a1f9c,MERCH000007,TERM000020,CARD000224,2223007366096560,222300******6560,Michael Anderson,09/27,703,2223007366096560=270920188608680,MASTERCARD,PREAUTH,193.83,840,USD,5462,MANUAL,890030,00,Approved,APPROVED,080333,027240559342,U,U,ACQ-TESTPOC-001,2026-08-07T10:44:46Z
7c0559a7-1a80-42d5-9998-54ca22a4eb61,MERCH000016,TERM000038,CARD000337,4242420339937880,424242******7880,Sarah Johnson,02/30,578,4242420339937880=300220161706304,VISA,PURCHASE,625.20,702,SGD,5431,MANUAL,374584,00,Approved,APPROVED,911182,384588105697,A,M,ACQ-TESTPOC-001,2026-09-03T09:43:26Z
22ea7f08-6c45-4fbe-bc1b-1757e657c3de,MERCH000007,TERM000019,CARD000267,3530113929060071,353011******0071,Sofia Gonzalez,07/27,717,3530113929060071=270720173180632,JCB,VOID,616.45,392,JPY,5462,CHIP,037710,00,Approved,APPROVED,523142,044964104967,Y,U,ACQ-TESTPOC-001,2026-08-29T02:12:25Z
db185a96-f1f7-4075-9fb2-da5c16a5166a,MERCH000013,TERM000033,CARD000023,5555552480861317,555555******1317,Elizabeth Thomas,02/30,484,5555552480861317=300220167737826,MASTERCARD,PURCHASE,45.37,356,INR,5941,CHIP,850954,00,Approved,APPROVED,849602,930596601864,U,U,ACQ-TESTPOC-001,2026-08-29T05:35:49Z
f92ec53e-62f9-4a53-bb0e-c0c3ff81bc9e,MERCH000014,TERM000036,CARD000369,4111110650637312,411111******7312,Sakura Lopez,11/29,013,4111110650637312=291120164971892,VISA,PURCHASE,634.04,710,ZAR,5651,CHIP,044138,75,PIN tries exceeded,DECLINED,310194,596094544901,A,P,ACQ-TESTPOC-001,2026-08-17T19:43:50Z
a8600cec-5357-4e2f-9289-e5ad321b4695,MERCH000009,TERM000026,CARD000228,371449809733975,371449*****3975,Liam Williams,07/30,9903,371449809733975=300720184983022,AMEX,VOID,408.70,392,JPY,5462,SWIPE,360914,00,Approved,APPROVED,940619,985172444723,N,N,ACQ-TESTPOC-001,2026-08-22T11:32:00Z
9bef7266-814c-43c1-9e37-da0470dea969,MERCH000020,TERM000048,CARD000120,6011110617445185,601111******5185,Yuki Miller,01/30,494,6011110617445185=300120193759738,DISCOVER,PURCHASE,493.33,710,ZAR,5251,SWIPE,304405,00,Approved,APPROVED,566693,093511871813,N,P,ACQ-TESTPOC-001,2026-09-01T15:57:49Z
ee6e0f26-7d02-41ab-b3bf-ba88b8dccb67,MERCH000019,TERM000046,CARD000349,3530115450892038,353011******2038,Wei Miller,07/27,331,3530115450892038=270720153779599,JCB,REFUND,21.97,826,GBP,4814,MANUAL,556574,57,Transaction not permitted to cardholder,DECLINED,652126,025042901935,U,P,ACQ-TESTPOC-001,2026-08-23T09:18:33Z
e748f487-60c4-4d2d-badd-312081bec823,MERCH000007,TERM000021,CARD000299,30569316231982,305693****1982,Camila Dubois,09/27,847,30569316231982=270920113915596,DINERS,PURCHASE,67.60,986,BRL,5462,CHIP,989868,00,Approved,APPROVED,768654,180978875439,A,N,ACQ-TESTPOC-001,2026-09-03T14:13:51Z
333ec5ea-0655-4dff-8d9a-a2741627efcd,MERCH000011,TERM000031,CARD000394,3530118831030328,353011******0328,William Martin,04/29,839,3530118831030328=290420154296184,JCB,PURCHASE,589.42,978,EUR,5541,ECOM,651588,05,Do not honor,DECLINED,080157,579376392836,U,N,ACQ-TESTPOC-001,2026-08-25T04:30:40Z
002435ef-2ba4-461b-87da-af9af2bf6f5f,MERCH000020,TERM000049,CARD000147,4000009991738165,400000******8165,Patricia Muller,07/29,223,4000009991738165=290720156972521,VISA,REFUND,835.78,356,INR,5251,CONTACTLESS,327021,00,Approved,APPROVED,438960,487120602128,U,U,ACQ-TESTPOC-001,2026-08-26T01:52:55Z
1cc31e8b-0550-4c77-a50a-5b67c129ff05,MERCH000014,TERM000035,CARD000066,371449147321046,371449*****1046,Fatima Davis,10/30,2595,371449147321046=301020132787747,AMEX,VOID,286.95,978,EUR,5651,CONTACTLESS,999101,01,Refer to card issuer,DECLINED,774633,576764722981,N,M,ACQ-TESTPOC-001,2026-08-23T13:24:45Z
68669d00-5b43-4979-97c1-d81895306886,MERCH000019,TERM000047,CARD000190,4242427908075950,424242******5950,Sarah Thomas,10/30,284,4242427908075950=301020163920867,VISA,REFUND,432.86,826,GBP,4814,CONTACTLESS,134750,00,Approved,APPROVED,591534,889864565220,N,U,ACQ-TESTPOC-001,2026-08-14T15:30:36Z
3eea2a4d-5ab7-4117-bbd7-ee5fb2aa418b,MERCH000017,TERM000041,CARD000295,5105100496391914,510510******1914,John Jackson,05/29,876,5105100496391914=290520135148468,MASTERCARD,PURCHASE,101.65,826,GBP,5812,CONTACTLESS,732449,00,Approved,APPROVED,790069,134213882090,U,N,ACQ-TESTPOC-001,2026-08-07T16:39:54Z
bc51b973-bbbd-4542-8f8d-973ef6ec04c3,MERCH000001,TERM000004,CARD000014,5555557770143631,555555******3631,Camila Lopez,11/29,788,5555557770143631=291120156855744,MASTERCARD,VOID,443.24,710,ZAR,5992,CONTACTLESS,411767,00,Approved,APPROVED,275834,124151315285,A,U,ACQ-TESTPOC-001,2026-08-25T05:41:24Z
58eef93f-cdf6-4db9-bc8f-2b458b74c6af,MERCH000021,TERM000050,CARD000362,4242426323467297,424242******7297,Richard Taylor,10/29,743,4242426323467297=291020102716938,VISA,VOID,792.58,978,EUR,5431,SWIPE,538003,00,Approved,APPROVED,143523,963347272742,N,M,ACQ-TESTPOC-001,2026-08-14T01:02:01Z
63e69885-8a99-4692-9c61-74d7718ea96d,MERCH000017,TERM000042,CARD000384,371449178333217,371449*****3217,Mary Garcia,07/27,5643,371449178333217=270720147128715,AMEX,PURCHASE,178.06,484,MXN,5812,CHIP,649693,00,Approved,APPROVED,668692,578243477695,U,U,ACQ-TESTPOC-001,2026-08-30T11:32:56Z
0c83440b-8294-40f0-b01e-8e3a739b6f1d,MERCH000010,TERM000028,CARD000113,4000009275326976,400000******6976,Michael Jones,02/28,196,4000009275326976=280220156523413,VISA,PURCHASE,361.71,986,BRL,5422,CONTACTLESS,515627,00,Approved,APPROVED,880930,796304483608,A,P,ACQ-TESTPOC-001,2026-09-02T02:33:32Z
b4497ae2-042a-4551-82bf-dfeb1c1d2621,MERCH000022,TERM000052,CARD000211,5105105776004905,510510******4905,James Martinez,05/28,335,5105105776004905=280520104888992,MASTERCARD,PREAUTH,228.80,840,USD,5411,CHIP,504763,00,Approved,APPROVED,600315,283199529800,Z,M,ACQ-TESTPOC-001,2026-08-23T21:32:35Z
5ef0b1d9-eda0-4122-a85a-9ccc8a0affdc,MERCH000025,TERM000057,CARD000181,3530119088117297,353011******7297,Omar Taylor,11/27,650,3530119088117297=271120186376599,JCB,PURCHASE,308.42,124,CAD,5942,CHIP,863425,00,Approved,APPROVED,347605,638300081867,Y,N,ACQ-TESTPOC-001,2026-08-11T18:55:19Z
4f01b3e8-d0cb-4a9b-b6ee-9bf1dedeaca9,MERCH000010,TERM000029,CARD000013,3530116507527353,353011******7353,Sarah Andersson,06/29,948,3530116507527353=290620108313678,JCB,VOID,637.68,036,AUD,5422,MANUAL,662411,00,Approved,APPROVED,077479,860089219639,A,P,ACQ-TESTPOC-001,2026-08-28T15:10:16Z
17336967-ce28-403e-8d6c-9b0f66be3f0f,MERCH000014,TERM000036,CARD000381,4000001380698472,400000******8472,Hiroshi Wilson,06/30,555,4000001380698472=300620153566905,VISA,REFUND,823.90,036,AUD,5651,CONTACTLESS,646136,00,Approved,APPROVED,588247,474883607658,Y,U,ACQ-TESTPOC-001,2026-09-05T02:42:31Z
847b1e43-0ddf-4d0b-9ab4-a7ee884f6291,MERCH000008,TERM000022,CARD000204,378282300979257,378282*****9257,David Thomas,04/27,1950,378282300979257=270420105281273,AMEX,PURCHASE,546.75,978,EUR,5533,CHIP,118237,00,Approved,APPROVED,622234,312697893074,Z,P,ACQ-TESTPOC-001,2026-08-12T04:31:37Z
68b92e82-3499-4f41-a505-c737dc34c314,MERCH000024,TERM000056,CARD000078,5105102684145938,510510******5938,Noah Jones,03/28,795,5105102684145938=280320168783391,MASTERCARD,PURCHASE,228.66,840,USD,5422,MANUAL,878753,00,Approved,APPROVED,337471,778811616202,U,M,ACQ-TESTPOC-001,2026-09-04T01:15:24Z
331836d9-9d3b-446a-ae5c-e8d6c6ba27be,MERCH000006,TERM000016,CARD000225,5105107644726495,510510******6495,Sofia Andersson,12/27,277,5105107644726495=271220118129826,MASTERCARD,REFUND,532.61,826,GBP,7011,CONTACTLESS,286604,00,Approved,APPROVED,123295,644859592248,N,P,ACQ-TESTPOC-001,2026-08-09T08:57:04Z
3af35c3f-8cad-4653-89bb-3baed2a705d6,MERCH000017,TERM000042,CARD000129,2223009059929370,222300******9370,Emma Johnson,03/29,103,2223009059929370=290320193087059,MASTERCARD,VOID,612.39,702,SGD,5812,CHIP,287056,00,Approved,APPROVED,187931,271043318751,Y,U,ACQ-TESTPOC-001,2026-08-20T21:46:01Z
0df4fe42-5d0d-4629-99f2-02620d787f9a,MERCH000020,TERM000048,CARD000035,3530110422842104,353011******2104,Wei Rossi,01/28,395,3530110422842104=280120102402681,JCB,PURCHASE,13.00,986,BRL,5251,CONTACTLESS,469459,00,Approved,APPROVED,804246,648831921342,A,M,ACQ-TESTPOC-001,2026-08-24T15:24:04Z
fd18fd54-1c38-4598-a6b6-7e839596647b,MERCH000005,TERM000015,CARD000170,6011111449147668,601111******7668,David Moore,08/27,326,6011111449147668=270820184245088,DISCOVER,PREAUTH,740.76,702,SGD,5651,CONTACTLESS,320331,75,PIN tries exceeded,DECLINED,974700,922270510287,Z,U,ACQ-TESTPOC-001,2026-08-17T17:21:43Z
ebcf4058-658b-4ba3-a675-ea624c0118a2,MERCH000011,TERM000031,CARD000257,371449432806347,371449*****6347,Wei Thomas,02/30,1732,371449432806347=300220103093761,AMEX,PURCHASE,600.60,756,CHF,5541,CONTACTLESS,858193,00,Approved,APPROVED,174185,426877418652,Y,P,ACQ-TESTPOC-001,2026-08-12T08:44:25Z
a2d2d7d0-eb5d-4d01-964e-6752ad39edf0,MERCH000015,TERM000037,CARD000373,30569323212983,305693****2983,Lucas Williams,04/28,674,30569323212983=280420123362934,DINERS,PURCHASE,325.71,124,CAD,5941,ECOM,037583,57,Transaction not permitted to cardholder,DECLINED,005887,945154809404,Z,U,ACQ-TESTPOC-001,2026-08-23T05:20:25Z
43baeaad-688b-4aea-97a9-37487644fc7a,MERCH000002,TERM000005,CARD000141,371449367850823,371449*****0823,Lucas Gonzalez,05/27,2890,371449367850823=270520123303070,AMEX,REFUND,788.51,702,SGD,5422,ECOM,772781,00,Approved,APPROVED,040048,509222161070,A,M,ACQ-TESTPOC-001,2026-08-16T10:23:08Z
882a5259-991c-4462-9d44-af058477528e,MERCH000018,TERM000044,CARD000100,30569365610144,305693****0144,Sofia Moore,09/28,993,30569365610144=280920175679825,DINERS,PURCHASE,721.15,986,BRL,5411,ECOM,295806,00,Approved,APPROVED,436604,013824127049,N,U,ACQ-TESTPOC-001,2026-08-15T16:12:59Z
aea85fe4-b930-4997-a141-e97c33a55713,MERCH000006,TERM000016,CARD000160,5555555160917796,555555******7796,James Taylor,08/28,086,5555555160917796=280820197829221,MASTERCARD,PURCHASE,710.85,484,MXN,7011,SWIPE,711121,00,Approved,APPROVED,194677,590203571343,N,P,ACQ-TESTPOC-001,2026-08-27T18:37:53Z
00a0d4a2-0f1b-4d7d-b0d2-4e034f3079ec,MERCH000002,TERM000005,CARD000362,4242426323467297,424242******7297,Richard Taylor,10/29,743,4242426323467297=291020102716938,VISA,PURCHASE,192.84,756,CHF,5422,CONTACTLESS,324474,00,Approved,APPROVED,096901,759558720962,U,N,ACQ-TESTPOC-001,2026-08-27T06:42:52Z
4419cc17-42a1-4cde-94c4-81274b8129c6,MERCH000023,TERM000054,CARD000178,6011114322259139,601111******9139,Linda Thomas,06/30,773,6011114322259139=300620192603029,DISCOVER,REFUND,823.25,702,SGD,5812,MANUAL,418343,00,Approved,APPROVED,490406,401827279559,Z,M,ACQ-TESTPOC-001,2026-08-15T14:09:42Z
d50042e1-6be7-4bca-800f-eb2bb64d35f2,MERCH000011,TERM000031,CARD000323,371449455084285,371449*****4285,Patricia Kim,12/27,7711,371449455084285=271220199180812,AMEX,PURCHASE,551.05,392,JPY,5541,CHIP,542782,00,Approved,APPROVED,788576,079799667345,U,P,ACQ-TESTPOC-001,2026-08-25T11:49:34Z
4e498e91-2e4c-41c1-bda7-a51dd8048a31,MERCH000016,TERM000039,CARD000154,30569325579413,305693****9413,Barbara Brown,06/29,667,30569325579413=290620146762120,DINERS,PURCHASE,92.57,356,INR,5431,MANUAL,496902,61,Exceeds withdrawal amount limit,DECLINED,537085,249839225014,N,P,ACQ-TESTPOC-001,2026-09-04T04:11:01Z
aa094465-66e9-4d99-ac52-301082ec5af2,MERCH000015,TERM000037,CARD000085,4111117086688264,411111******8264,Susan Hernandez,05/28,175,4111117086688264=280520118304699,VISA,PURCHASE,256.79,826,GBP,5941,CHIP,336132,00,Approved,APPROVED,717974,850725178637,Z,U,ACQ-TESTPOC-001,2026-08-22T11:17:51Z
c08066db-cdf2-4e85-a6dd-83a9acf59b8f,MERCH000023,TERM000053,CARD000391,4242421117830990,424242******0990,Michael Rossi,05/30,926,4242421117830990=300520176492151,VISA,PURCHASE,340.50,826,GBP,5812,CONTACTLESS,696815,00,Approved,APPROVED,512029,903923555809,U,U,ACQ-TESTPOC-001,2026-08-07T08:35:52Z
1797298a-94b7-48bd-ab18-86f4b4d355b2,MERCH000003,TERM000006,CARD000071,4111118962309132,411111******9132,Chidi Wilson,08/27,263,4111118962309132=270820168970283,VISA,PREAUTH,289.31,978,EUR,5511,CHIP,624467,00,Approved,APPROVED,036518,462268171516,Y,N,ACQ-TESTPOC-001,2026-08-21T05:57:47Z
50a7574d-7873-4f49-ba82-8ccdac98c1ee,MERCH000011,TERM000031,CARD000295,5105100496391914,510510******1914,John Jackson,05/29,876,5105100496391914=290520135148468,MASTERCARD,PURCHASE,815.97,986,BRL,5541,CONTACTLESS,046419,00,Approved,APPROVED,846331,785758512686,Y,N,ACQ-TESTPOC-001,2026-08-19T23:16:31Z
098af4f6-4860-4f41-a57b-2bfe3829045b,MERCH000001,TERM000003,CARD000363,3530117779014757,353011******4757,Sakura Santos,07/29,263,3530117779014757=290720129676291,JCB,PURCHASE,741.50,702,SGD,5992,CHIP,740177,41,Lost card,DECLINED,384936,095465408424,A,U,ACQ-TESTPOC-001,2026-08-18T03:47:28Z
7c2a0eb4-8933-41ce-a2c1-51b1595863cd,MERCH000001,TERM000004,CARD000167,371449801573999,371449*****3999,Chidi Gonzalez,01/28,1648,371449801573999=280120140858877,AMEX,PREAUTH,32.08,702,SGD,5992,CONTACTLESS,321812,00,Approved,APPROVED,762091,276457938970,Y,P,ACQ-TESTPOC-001,2026-08-26T15:57:22Z
0cdad7ad-0a7a-42b6-8770-c242157892ae,MERCH000012,TERM000032,CARD000076,371449887287431,371449*****7431,David Kowalski,06/27,7420,371449887287431=270620154932966,AMEX,PREAUTH,436.22,756,CHF,5511,CHIP,546602,57,Transaction not permitted to cardholder,DECLINED,996523,416139449883,Y,P,ACQ-TESTPOC-001,2026-08-16T12:19:09Z
559d968b-e2a4-4a10-8be0-1ba4b26cd495,MERCH000019,TERM000046,CARD000111,4000006324241545,400000******1545,David Johnson,06/27,643,4000006324241545=270620161103712,VISA,PREAUTH,236.05,826,GBP,4814,CHIP,962440,00,Approved,APPROVED,426962,306244795133,Y,P,ACQ-TESTPOC-001,2026-08-11T22:42:13Z
d69663c1-4cc2-47e1-92c4-d1e65999d9f4,MERCH000008,TERM000022,CARD000314,30569361085739,305693****5739,Sofia Okafor,08/28,814,30569361085739=280820176174224,DINERS,REFUND,358.23,484,MXN,5533,CONTACTLESS,867805,43,Stolen card,DECLINED,357140,557277382646,Y,M,ACQ-TESTPOC-001,2026-08-26T12:14:22Z
b4b381c7-d32f-40cc-ac03-d5fa08cc1b5a,MERCH000021,TERM000051,CARD000288,6011111126691210,601111******1210,Amara Miller,04/29,961,6011111126691210=290420136749946,DISCOVER,VOID,259.12,392,JPY,5431,CONTACTLESS,770299,96,System malfunction,DECLINED,174833,959660487368,N,U,ACQ-TESTPOC-001,2026-08-25T09:46:13Z
f38c96d6-7b7d-4f73-8eac-992daf2ff0dc,MERCH000020,TERM000048,CARD000050,6011118059296222,601111******6222,Sakura Rossi,12/28,270,6011118059296222=281220165379473,DISCOVER,VOID,735.29,826,GBP,5251,MANUAL,686536,00,Approved,APPROVED,944199,945515888636,Z,U,ACQ-TESTPOC-001,2026-08-24T05:46:53Z
618260c7-ba90-4b22-8e15-d36a5a52a273,MERCH000010,TERM000029,CARD000081,5105106226567665,510510******7665,Ethan Jones,11/27,512,5105106226567665=271120186823004,MASTERCARD,PREAUTH,648.73,392,JPY,5422,CHIP,169666,00,Approved,APPROVED,198049,093299819960,A,N,ACQ-TESTPOC-001,2026-08-07T06:34:42Z
0a24b57c-690b-4635-b1c9-229c4a97cf9c,MERCH000006,TERM000017,CARD000351,4000005015081244,400000******1244,Camila Kim,04/30,500,4000005015081244=300420133423425,VISA,REFUND,331.55,986,BRL,7011,MANUAL,327532,00,Approved,APPROVED,495104,352410397739,Z,N,ACQ-TESTPOC-001,2026-09-03T00:58:13Z
7686e058-0a62-4507-859b-744e81ae1832,MERCH000006,TERM000017,CARD000257,371449432806347,371449*****6347,Wei Thomas,02/30,1732,371449432806347=300220103093761,AMEX,PREAUTH,208.89,826,GBP,7011,CHIP,006876,51,Insufficient funds,DECLINED,073783,648198077046,Y,P,ACQ-TESTPOC-001,2026-08-16T08:08:22Z
cd79367d-cab3-4bfa-9531-46996b79c01a,MERCH000013,TERM000033,CARD000220,4000008432562168,400000******2168,Jessica Jackson,07/28,264,4000008432562168=280720195782329,VISA,PURCHASE,640.79,484,MXN,5941,ECOM,256523,51,Insufficient funds,DECLINED,834197,734151773454,Z,P,ACQ-TESTPOC-001,2026-08-11T08:53:51Z
dbea8027-e5da-40a0-a2f1-264455553308,MERCH000015,TERM000037,CARD000291,371449700284276,371449*****4276,Karen Singh,03/30,6719,371449700284276=300320178897782,AMEX,PURCHASE,245.88,356,INR,5941,CONTACTLESS,954429,00,Approved,APPROVED,664686,477422294643,Y,N,ACQ-TESTPOC-001,2026-08-27T16:57:12Z
453a5aeb-a96c-4d11-95a7-625d58678bb6,MERCH000019,TERM000046,CARD000076,371449887287431,371449*****7431,David Kowalski,06/27,7420,371449887287431=270620154932966,AMEX,REFUND,739.83,702,SGD,4814,CONTACTLESS,792529,04,Pick up card,DECLINED,894026,858567287276,Y,M,ACQ-TESTPOC-001,2026-08-18T11:43:37Z
8a228538-f0de-4ae6-a279-98de76d45eaf,MERCH000011,TERM000031,CARD000159,371449113055487,371449*****5487,Michael Johnson,12/29,2726,371449113055487=291220114933163,AMEX,PREAUTH,671.09,702,SGD,5541,CHIP,577908,00,Approved,APPROVED,941762,335061581488,U,M,ACQ-TESTPOC-001,2026-08-30T04:50:43Z
22f9560a-8cee-4726-b55c-4b0d99d879a0,MERCH000002,TERM000005,CARD000291,371449700284276,371449*****4276,Karen Singh,03/30,6719,371449700284276=300320178897782,AMEX,PREAUTH,586.55,826,GBP,5422,MANUAL,337209,30,Format error,DECLINED,278673,841312840333,U,U,ACQ-TESTPOC-001,2026-08-20T04:44:44Z
86556dab-3101-418b-9766-80fdb743e7bd,MERCH000015,TERM000037,CARD000275,4111117520885476,411111******5476,Elizabeth Rossi,10/29,975,4111117520885476=291020117028140,VISA,PURCHASE,407.08,124,CAD,5941,CHIP,731893,00,Approved,APPROVED,627356,749096173997,Y,P,ACQ-TESTPOC-001,2026-08-08T10:39:10Z
fd5227a4-6419-45d8-8d57-58d28b0cc78e,MERCH000025,TERM000057,CARD000308,6011117572158620,601111******8620,Chidi Johnson,02/29,274,6011117572158620=290220156449485,DISCOVER,PREAUTH,437.56,710,ZAR,5942,CONTACTLESS,483548,00,Approved,APPROVED,527499,471270587722,Y,U,ACQ-TESTPOC-001,2026-08-27T20:19:49Z
c9f77816-4ee7-4a9f-a9f4-652534b65ef0,MERCH000022,TERM000052,CARD000049,4242424865281689,424242******1689,Yuki Martinez,01/29,235,4242424865281689=290120173322141,VISA,PURCHASE,165.36,826,GBP,5411,MANUAL,334845,00,Approved,APPROVED,803650,871493925236,N,N,ACQ-TESTPOC-001,2026-08-06T21:38:20Z
5a7a7343-ab49-4322-8151-27e47e0fabe2,MERCH000020,TERM000048,CARD000167,371449801573999,371449*****3999,Chidi Gonzalez,01/28,1648,371449801573999=280120140858877,AMEX,PURCHASE,663.01,756,CHF,5251,CHIP,474524,00,Approved,APPROVED,349933,557469660606,A,N,ACQ-TESTPOC-001,2026-08-05T19:29:19Z
36538af3-6cf7-464c-a477-e9ec72f9d471,MERCH000015,TERM000037,CARD000010,2223003100330928,222300******0928,Noah Nakamura,03/28,193,2223003100330928=280320174529912,MASTERCARD,PURCHASE,251.28,036,AUD,5941,CHIP,566588,00,Approved,APPROVED,774915,339874113257,U,U,ACQ-TESTPOC-001,2026-08-09T13:47:47Z
6f7dc601-6d26-4784-ab25-bc952d43a856,MERCH000002,TERM000005,CARD000353,4111112338655963,411111******5963,Sakura Jackson,01/28,384,4111112338655963=280120125304289,VISA,PURCHASE,498.61,484,MXN,5422,CHIP,054857,00,Approved,APPROVED,968471,417215622949,N,M,ACQ-TESTPOC-001,2026-08-05T13:28:45Z
3cc25846-8d75-43ad-801c-d874740fa988,MERCH000015,TERM000037,CARD000168,5105103581128803,510510******8803,Susan Muller,04/27,613,5105103581128803=270420186120750,MASTERCARD,PREAUTH,694.90,356,INR,5941,CHIP,215573,00,Approved,APPROVED,193084,573755344902,Y,U,ACQ-TESTPOC-001,2026-08-17T18:11:18Z
46a7b027-3842-4b74-92a1-e9050a60ce36,MERCH000014,TERM000035,CARD000250,6011110512927667,601111******7667,Liam Kowalski,11/28,239,6011110512927667=281120150410276,DISCOVER,REFUND,318.08,356,INR,5651,CONTACTLESS,085874,00,Approved,APPROVED,602737,511918182819,Z,N,ACQ-TESTPOC-001,2026-08-11T10:06:27Z
90097166-87bc-4aaf-bb6d-bdb7d6e8607f,MERCH000025,TERM000057,CARD000393,4111111840118452,411111******8452,James Davis,07/28,408,4111111840118452=280720148729758,VISA,PURCHASE,130.22,702,SGD,5942,CHIP,295786,00,Approved,APPROVED,932600,069409600356,N,P,ACQ-TESTPOC-001,2026-08-14T22:07:43Z
179b1dc3-7eba-4b7d-a166-c13d2d8ffca4,MERCH000008,TERM000024,CARD000273,5105109242437541,510510******7541,Wei Martinez,03/27,729,5105109242437541=270320128422223,MASTERCARD,PREAUTH,786.63,484,MXN,5533,MANUAL,923234,14,Invalid card number,DECLINED,190407,108902851553,N,N,ACQ-TESTPOC-001,2026-08-21T15:17:48Z
858f793f-52e0-4227-91ec-ebe0c7a1a4de,MERCH000010,TERM000028,CARD000218,4000004394070167,400000******0167,Yuki Muller,11/29,104,4000004394070167=291120163681579,VISA,PURCHASE,24.17,392,JPY,5422,CHIP,607360,00,Approved,APPROVED,468516,763369112898,Y,N,ACQ-TESTPOC-001,2026-08-28T04:00:02Z
4073ddd4-ae5a-4ff5-9ff2-ce853dcdc0bd,MERCH000025,TERM000057,CARD000062,2223007829114679,222300******4679,Mateus Williams,07/30,251,2223007829114679=300720177852892,MASTERCARD,PURCHASE,353.44,392,JPY,5942,CHIP,857481,00,Approved,APPROVED,990796,700666155416,A,N,ACQ-TESTPOC-001,2026-08-05T20:12:22Z
c6726580-5148-45cb-9d42-2aa6adc4330c,MERCH000023,TERM000053,CARD000334,371449412094815,371449*****4815,Sakura Moore,04/27,9098,371449412094815=270420137801820,AMEX,PURCHASE,620.46,036,AUD,5812,CHIP,232902,00,Approved,APPROVED,543814,227009345962,Z,N,ACQ-TESTPOC-001,2026-08-15T23:03:30Z
008fb8a4-98da-45bd-aeaf-ff70862d82dc,MERCH000006,TERM000016,CARD000380,30569391214168,305693****4168,John Hernandez,05/27,093,30569391214168=270520177100409,DINERS,PURCHASE,668.79,978,EUR,7011,CONTACTLESS,346549,57,Transaction not permitted to cardholder,DECLINED,336669,005070260869,U,N,ACQ-TESTPOC-001,2026-08-10T14:48:37Z
22401974-12e6-4fc6-a20d-1479ab4d862f,MERCH000006,TERM000016,CARD000008,2223004668893737,222300******3737,Emma Smith,07/29,656,2223004668893737=290720127298069,MASTERCARD,PURCHASE,823.45,978,EUR,7011,CONTACTLESS,872904,96,System malfunction,DECLINED,499377,742585917793,N,N,ACQ-TESTPOC-001,2026-08-25T04:54:34Z
3984ca9e-fc3b-49d1-b3b7-f4dc9ac019c7,MERCH000017,TERM000040,CARD000074,5105102199330835,510510******0835,Michael Wilson,01/28,571,5105102199330835=280120120826773,MASTERCARD,REFUND,240.67,756,CHF,5812,CHIP,334245,00,Approved,APPROVED,744971,798894256529,Y,U,ACQ-TESTPOC-001,2026-08-28T14:54:13Z
9e4c603d-7f61-46e3-b0a3-c98b83a3d794,MERCH000021,TERM000050,CARD000102,2223001238282581,222300******2581,Joseph Rossi,08/30,622,2223001238282581=300820166093796,MASTERCARD,PURCHASE,138.44,124,CAD,5431,CHIP,977539,00,Approved,APPROVED,425362,737948714855,N,P,ACQ-TESTPOC-001,2026-08-31T11:50:20Z
07ebc9f3-ac17-4d88-8d9c-41d02c8e11e8,MERCH000011,TERM000031,CARD000396,5555551418186151,555555******6151,Amara Dubois,06/27,423,5555551418186151=270620140163611,MASTERCARD,PURCHASE,649.02,392,JPY,5541,CHIP,560821,00,Approved,APPROVED,238157,711842547681,U,N,ACQ-TESTPOC-001,2026-08-18T21:17:54Z
098f75fd-45af-42a1-8ce9-87c251b08b4d,MERCH000013,TERM000033,CARD000073,371449584419865,371449*****9865,Elizabeth Martinez,06/30,0415,371449584419865=300620174733848,AMEX,REFUND,633.16,702,SGD,5941,SWIPE,298808,00,Approved,APPROVED,380272,838252129328,U,U,ACQ-TESTPOC-001,2026-08-09T14:45:11Z
7d1c3c64-a3dc-4547-8fa1-a66a40ca56f8,MERCH000007,TERM000020,CARD000026,371449026217455,371449*****7455,Jennifer Muller,11/30,5865,371449026217455=301120178091343,AMEX,PURCHASE,759.79,756,CHF,5462,CONTACTLESS,240148,61,Exceeds withdrawal amount limit,DECLINED,700574,439910622723,Z,N,ACQ-TESTPOC-001,2026-08-05T23:41:36Z
bad21af8-f167-4609-a239-c154c84b479e,MERCH000021,TERM000051,CARD000201,4111110802144274,411111******4274,Jennifer Jones,04/27,073,4111110802144274=270420156475705,VISA,PURCHASE,818.89,124,CAD,5431,CHIP,619237,00,Approved,APPROVED,149326,450184819737,A,M,ACQ-TESTPOC-001,2026-08-18T05:44:07Z
f8e4932c-6632-43de-8963-5e70ae8cc0c3,MERCH000018,TERM000044,CARD000079,371449851910885,371449*****0885,Ethan Jones,10/28,2587,371449851910885=281020113971870,AMEX,PURCHASE,324.89,840,USD,5411,CHIP,769274,00,Approved,APPROVED,235545,811995376601,A,P,ACQ-TESTPOC-001,2026-09-02T12:38:04Z
d2d4dee0-bb2b-4907-9336-94f30f62a5ac,MERCH000009,TERM000027,CARD000215,378282227837695,378282*****7695,Sakura Kowalski,09/28,8331,378282227837695=280920146591166,AMEX,PURCHASE,685.29,702,SGD,5462,SWIPE,739641,00,Approved,APPROVED,818855,789969860919,Y,M,ACQ-TESTPOC-001,2026-08-15T03:37:55Z
e71ad7a1-72b1-49ec-926c-08aeb6130778,MERCH000004,TERM000009,CARD000185,5555555190669847,555555******9847,Emma Anderson,03/27,038,5555555190669847=270320143098839,MASTERCARD,PURCHASE,610.83,756,CHF,5941,CONTACTLESS,779806,00,Approved,APPROVED,852660,603920514607,A,P,ACQ-TESTPOC-001,2026-08-17T14:14:03Z
d6db2b5e-3868-4135-8360-fbf39488baa7,MERCH000022,TERM000052,CARD000181,3530119088117297,353011******7297,Omar Taylor,11/27,650,3530119088117297=271120186376599,JCB,PREAUTH,390.02,392,JPY,5411,CONTACTLESS,238856,30,Format error,DECLINED,789912,527155983541,Y,U,ACQ-TESTPOC-001,2026-08-06T04:42:32Z
a9053df7-1a1e-4b2e-bbd9-64912120976d,MERCH000011,TERM000031,CARD000328,6011119434681054,601111******1054,Lucas Lopez,11/29,101,6011119434681054=291120174907539,DISCOVER,VOID,298.65,710,ZAR,5541,CONTACTLESS,522501,54,Expired card,DECLINED,199008,948848826913,Y,M,ACQ-TESTPOC-001,2026-08-30T23:47:44Z
b761e9d4-faef-4d1c-9588-301c2d20bff0,MERCH000023,TERM000054,CARD000135,371449205061492,371449*****1492,Michael Smith,04/30,3241,371449205061492=300420171467741,AMEX,PURCHASE,783.15,826,GBP,5812,MANUAL,499153,00,Approved,APPROVED,464032,038240733337,N,N,ACQ-TESTPOC-001,2026-08-31T13:38:26Z
a82b0a3d-5535-4c85-ad47-f5dffc6af415,MERCH000001,TERM000003,CARD000125,4000000323651994,400000******1994,Mary Williams,02/29,372,4000000323651994=290220115107029,VISA,REFUND,352.93,710,ZAR,5992,SWIPE,362896,00,Approved,APPROVED,657724,964546553585,Y,N,ACQ-TESTPOC-001,2026-08-06T11:05:21Z
09273c29-d629-4b85-bdae-1ecabb9a8efe,MERCH000011,TERM000031,CARD000276,3530113751509393,353011******9393,Richard Smith,05/28,187,3530113751509393=280520118637599,JCB,REFUND,602.39,356,INR,5541,CONTACTLESS,193583,30,Format error,DECLINED,487888,490797796120,U,U,ACQ-TESTPOC-001,2026-08-18T07:53:02Z
0d301fa4-3055-48a0-b509-3ca083b2614c,MERCH000018,TERM000043,CARD000178,6011114322259139,601111******9139,Linda Thomas,06/30,773,6011114322259139=300620192603029,DISCOVER,PURCHASE,811.57,978,EUR,5411,SWIPE,409762,00,Approved,APPROVED,415494,374845398628,U,P,ACQ-TESTPOC-001,2026-08-20T13:50:56Z
7128b5e5-450b-43a3-9d14-a0b15117e317,MERCH000001,TERM000001,CARD000365,4242427656360042,424242******0042,William Hernandez,12/27,777,4242427656360042=271220111837274,VISA,REFUND,522.16,978,EUR,5992,CONTACTLESS,233922,14,Invalid card number,DECLINED,030919,715116966672,A,N,ACQ-TESTPOC-001,2026-08-12T00:22:53Z
f1a969b3-6284-4012-8108-38f91e4b3d57,MERCH000004,TERM000010,CARD000182,378282247314980,378282*****4980,Richard Smith,05/30,0981,378282247314980=300520180635651,AMEX,PURCHASE,157.70,978,EUR,5941,CHIP,351571,00,Approved,APPROVED,549314,409080512080,Y,P,ACQ-TESTPOC-001,2026-08-30T13:32:04Z
46d5f352-6b0e-426c-ab1e-0970e0937768,MERCH000013,TERM000033,CARD000015,5555551351823372,555555******3372,Camila Dubois,12/29,894,5555551351823372=291220113435240,MASTERCARD,REFUND,161.02,826,GBP,5941,CONTACTLESS,283512,54,Expired card,DECLINED,628850,592728270908,Y,P,ACQ-TESTPOC-001,2026-08-10T17:23:37Z
ef3fc775-8455-4579-badc-5bb47d38f3f2,MERCH000010,TERM000028,CARD000179,4111112809202428,411111******2428,Mateus Okafor,10/30,041,4111112809202428=301020137977236,VISA,REFUND,423.51,978,EUR,5422,CHIP,957867,00,Approved,APPROVED,989867,181535237360,A,M,ACQ-TESTPOC-001,2026-08-15T06:22:27Z
a230d089-69d1-4853-8ba0-37c76bfede40,MERCH000016,TERM000038,CARD000267,3530113929060071,353011******0071,Sofia Gonzalez,07/27,717,3530113929060071=270720173180632,JCB,REFUND,489.25,484,MXN,5431,SWIPE,683452,61,Exceeds withdrawal amount limit,DECLINED,469661,346666170715,U,U,ACQ-TESTPOC-001,2026-09-02T14:18:40Z
6b41cfd6-a073-49c1-94af-72f4d97c7cce,MERCH000020,TERM000049,CARD000157,4242427535408384,424242******8384,Jessica Williams,07/30,779,4242427535408384=300720171775170,VISA,PURCHASE,706.74,356,INR,5251,CHIP,499825,00,Approved,APPROVED,775167,080046358068,U,N,ACQ-TESTPOC-001,2026-08-21T02:10:17Z
0542b252-d25d-4407-a4a7-8b5e4d7802e0,MERCH000017,TERM000041,CARD000349,3530115450892038,353011******2038,Wei Miller,07/27,331,3530115450892038=270720153779599,JCB,PREAUTH,758.61,826,GBP,5812,CONTACTLESS,137399,00,Approved,APPROVED,016350,063140352635,Z,M,ACQ-TESTPOC-001,2026-08-14T10:01:47Z
01c9a7cf-dd5a-481d-98c0-3fe011723d83,MERCH000005,TERM000013,CARD000307,4242421800537597,424242******7597,Thomas Taylor,01/27,964,4242421800537597=270120165280924,VISA,PREAUTH,578.66,756,CHF,5651,MANUAL,434606,57,Transaction not permitted to cardholder,DECLINED,863559,664374906072,N,M,ACQ-TESTPOC-001,2026-08-28T16:17:44Z
30cdae77-c3b2-40df-846b-35d3af04fb05,MERCH000021,TERM000050,CARD000060,5105103102786816,510510******6816,Liam Miller,05/29,947,5105103102786816=290520131217271,MASTERCARD,PURCHASE,802.03,826,GBP,5431,ECOM,648449,00,Approved,APPROVED,274201,116318732807,Z,M,ACQ-TESTPOC-001,2026-08-30T20:55:49Z
81fbc663-bddf-4fc3-a0d8-da82403bf97b,MERCH000004,TERM000009,CARD000020,6011117719065944,601111******5944,Joseph Nakamura,02/27,990,6011117719065944=270220149027874,DISCOVER,REFUND,206.25,978,EUR,5941,CONTACTLESS,727908,12,Invalid transaction,DECLINED,804037,335090254257,N,M,ACQ-TESTPOC-001,2026-08-09T23:48:55Z
a91975ac-7181-4e54-8068-2714928f7b8c,MERCH000013,TERM000033,CARD000079,371449851910885,371449*****0885,Ethan Jones,10/28,2587,371449851910885=281020113971870,AMEX,PREAUTH,165.99,986,BRL,5941,ECOM,707139,00,Approved,APPROVED,554231,482285011688,Y,N,ACQ-TESTPOC-001,2026-08-06T02:27:56Z
b513905c-d799-4ddc-818f-803f5feef7ea,MERCH000024,TERM000056,CARD000190,4242427908075950,424242******5950,Sarah Thomas,10/30,284,4242427908075950=301020163920867,VISA,REFUND,324.65,840,USD,5422,CHIP,691309,00,Approved,APPROVED,572084,107964967379,A,P,ACQ-TESTPOC-001,2026-09-04T07:02:54Z
98419aa9-67ed-415d-aa43-055d10c3fcc8,MERCH000021,TERM000051,CARD000246,6011116876532696,601111******2696,Emma Muller,10/27,384,6011116876532696=271020168950097,DISCOVER,PREAUTH,123.60,124,CAD,5431,ECOM,264250,57,Transaction not permitted to cardholder,DECLINED,452708,420768362536,Z,U,ACQ-TESTPOC-001,2026-08-07T07:30:26Z
5efabc1f-fad8-4ca9-954e-8fe2d9356bd4,MERCH000015,TERM000037,CARD000228,371449809733975,371449*****3975,Liam Williams,07/30,9903,371449809733975=300720184983022,AMEX,PREAUTH,339.65,986,BRL,5941,SWIPE,333393,00,Approved,APPROVED,994055,957865436271,U,U,ACQ-TESTPOC-001,2026-08-05T23:30:37Z
768d81aa-63b2-4162-bb2c-a63a76b11287,MERCH000010,TERM000030,CARD000212,4000007522459335,400000******9335,Jennifer Jackson,05/29,693,4000007522459335=290520115727919,VISA,REFUND,561.04,826,GBP,5422,CONTACTLESS,270369,00,Approved,APPROVED,699393,249269326573,N,U,ACQ-TESTPOC-001,2026-09-04T05:46:39Z
810982f9-2a9a-4804-899d-63fec8c1fe7e,MERCH000011,TERM000031,CARD000347,3530116399076766,353011******6766,Mary Anderson,06/27,859,3530116399076766=270620131109193,JCB,PURCHASE,282.45,840,USD,5541,CONTACTLESS,532341,00,Approved,APPROVED,380570,959775244182,N,N,ACQ-TESTPOC-001,2026-09-02T09:54:59Z
d8658513-39ae-40fb-8e47-c34a14f52d26,MERCH000014,TERM000034,CARD000273,5105109242437541,510510******7541,Wei Martinez,03/27,729,5105109242437541=270320128422223,MASTERCARD,PURCHASE,399.66,986,BRL,5651,ECOM,312710,00,Approved,APPROVED,142185,676720957992,Z,M,ACQ-TESTPOC-001,2026-08-06T16:33:50Z
3984d398-2e3a-425a-b613-60d5feb68f8e,MERCH000016,TERM000039,CARD000174,6011111291428349,601111******8349,John Andersson,12/27,080,6011111291428349=271220199693084,DISCOVER,PURCHASE,576.09,036,AUD,5431,CHIP,354159,00,Approved,APPROVED,838145,709962543848,Y,U,ACQ-TESTPOC-001,2026-09-03T00:55:49Z
c7cfaa42-3af7-4379-85c9-57158c95861c,MERCH000011,TERM000031,CARD000027,4242426117240058,424242******0058,Wei Lopez,05/27,623,4242426117240058=270520186922219,VISA,PURCHASE,287.55,756,CHF,5541,ECOM,715802,00,Approved,APPROVED,914400,909046376604,Z,P,ACQ-TESTPOC-001,2026-08-16T04:15:41Z
888a27b2-fe77-4e5b-99a5-585d8ca91c04,MERCH000012,TERM000032,CARD000209,4000001413811381,400000******1381,Richard Taylor,04/30,392,4000001413811381=300420188619576,VISA,PURCHASE,164.78,356,INR,5511,CONTACTLESS,171581,04,Pick up card,DECLINED,024125,213125129311,Y,M,ACQ-TESTPOC-001,2026-08-14T01:51:38Z
2f85624a-0dae-47ff-846b-746086b68456,MERCH000024,TERM000056,CARD000317,4242426800610278,424242******0278,Arjun Muller,12/30,974,4242426800610278=301220199564122,VISA,PURCHASE,536.72,710,ZAR,5422,MANUAL,191023,75,PIN tries exceeded,DECLINED,962595,121106330165,U,N,ACQ-TESTPOC-001,2026-09-03T07:22:20Z
ac92f149-a2af-40e3-8864-b1c01083a7d4,MERCH000016,TERM000038,CARD000363,3530117779014757,353011******4757,Sakura Santos,07/29,263,3530117779014757=290720129676291,JCB,VOID,575.06,702,SGD,5431,MANUAL,072801,00,Approved,APPROVED,184393,342893113253,N,U,ACQ-TESTPOC-001,2026-08-20T16:14:49Z
b5b4e919-4e9e-49e3-9627-452f9d7602c0,MERCH000021,TERM000051,CARD000308,6011117572158620,601111******8620,Chidi Johnson,02/29,274,6011117572158620=290220156449485,DISCOVER,PREAUTH,700.97,036,AUD,5431,CHIP,804421,00,Approved,APPROVED,064612,175096170159,A,M,ACQ-TESTPOC-001,2026-08-22T19:19:42Z
7a4f7078-ba1c-4914-8819-96eeb300133d,MERCH000019,TERM000046,CARD000373,30569323212983,305693****2983,Lucas Williams,04/28,674,30569323212983=280420123362934,DINERS,PURCHASE,315.51,710,ZAR,4814,MANUAL,758339,05,Do not honor,DECLINED,178837,056775677722,Z,U,ACQ-TESTPOC-001,2026-08-10T01:31:38Z
f7b2e06c-cce8-48e5-a6ea-70bd1942cf28,MERCH000001,TERM000002,CARD000163,4000006200342441,400000******2441,Charles Miller,01/28,805,4000006200342441=280120171983863,VISA,PREAUTH,672.88,756,CHF,5992,CHIP,292310,00,Approved,APPROVED,410299,724530762484,N,N,ACQ-TESTPOC-001,2026-08-23T15:50:35Z
434db641-f465-4d79-9a1d-c43c7b7a04f5,MERCH000016,TERM000039,CARD000222,30569342312202,305693****2202,Mateus Martin,10/29,393,30569342312202=291020130517289,DINERS,PURCHASE,57.80,978,EUR,5431,ECOM,794238,00,Approved,APPROVED,989161,736704254969,Y,N,ACQ-TESTPOC-001,2026-08-23T06:28:18Z
6cac9859-cc1b-497c-b728-d3ef40c5446a,MERCH000017,TERM000041,CARD000175,6011117256394277,601111******4277,Yuki Taylor,07/27,039,6011117256394277=270720128272299,DISCOVER,PURCHASE,480.96,392,JPY,5812,CHIP,075633,54,Expired card,DECLINED,990460,535748595325,U,N,ACQ-TESTPOC-001,2026-08-13T00:08:16Z
eaf56714-6075-4809-a8ca-4dbd324f1568,MERCH000023,TERM000053,CARD000128,4000004078593211,400000******3211,Jessica Rodriguez,11/28,803,4000004078593211=281120196522395,VISA,PURCHASE,748.74,356,INR,5812,MANUAL,295187,00,Approved,APPROVED,485164,941763425073,N,M,ACQ-TESTPOC-001,2026-08-20T17:29:04Z
f14d7e9b-7865-4653-873b-8f0cfa5f160a,MERCH000011,TERM000031,CARD000318,5555551030372361,555555******2361,Karen Dubois,02/28,727,5555551030372361=280220160122777,MASTERCARD,PURCHASE,412.51,392,JPY,5541,SWIPE,833991,00,Approved,APPROVED,309979,038843660443,N,P,ACQ-TESTPOC-001,2026-08-20T18:50:10Z
fe68aa66-f41e-4701-a0de-a8953d09d31d,MERCH000001,TERM000001,CARD000334,371449412094815,371449*****4815,Sakura Moore,04/27,9098,371449412094815=270420137801820,AMEX,PURCHASE,380.24,826,GBP,5992,SWIPE,297514,00,Approved,APPROVED,478091,439742925010,A,U,ACQ-TESTPOC-001,2026-08-15T22:54:37Z
393ffa2d-caff-418d-ba82-aa390923136b,MERCH000012,TERM000032,CARD000162,5555553394522888,555555******2888,Linda Dubois,12/29,587,5555553394522888=291220199684608,MASTERCARD,PURCHASE,549.73,756,CHF,5511,CHIP,590459,00,Approved,APPROVED,793238,908027112218,N,N,ACQ-TESTPOC-001,2026-08-09T12:35:25Z
8e26e19b-ee7b-4295-bda9-30077e9e994a,MERCH000003,TERM000007,CARD000183,378282944869591,378282*****9591,Arjun Dubois,11/29,3688,378282944869591=291120172588744,AMEX,PURCHASE,341.08,710,ZAR,5511,SWIPE,662813,12,Invalid transaction,DECLINED,470284,214330800370,Y,N,ACQ-TESTPOC-001,2026-08-26T09:33:39Z
c2317885-234e-4ff1-ad29-ebba652fdd3c,MERCH000025,TERM000057,CARD000079,371449851910885,371449*****0885,Ethan Jones,10/28,2587,371449851910885=281020113971870,AMEX,PURCHASE,570.05,986,BRL,5942,SWIPE,470681,00,Approved,APPROVED,042079,390339705195,U,N,ACQ-TESTPOC-001,2026-08-06T07:27:40Z
e7feea58-05ec-44d9-8ecd-087334942563,MERCH000013,TERM000033,CARD000078,5105102684145938,510510******5938,Noah Jones,03/28,795,5105102684145938=280320168783391,MASTERCARD,PURCHASE,226.53,036,AUD,5941,SWIPE,623945,05,Do not honor,DECLINED,205282,546147079863,N,M,ACQ-TESTPOC-001,2026-08-19T11:01:20Z
465de7c4-1d1f-436b-9991-bf4ad4f24697,MERCH000002,TERM000005,CARD000055,6011118880670652,601111******0652,Mary Lopez,12/29,153,6011118880670652=291220119520585,DISCOVER,PREAUTH,254.52,702,SGD,5422,ECOM,394570,00,Approved,APPROVED,679299,394380403253,Z,U,ACQ-TESTPOC-001,2026-08-13T05:47:12Z
03d41815-4a47-42a2-b4d1-a3db7f486b08,MERCH000024,TERM000056,CARD000235,5105105046173571,510510******3571,Sofia Martinez,04/29,215,5105105046173571=290420103178078,MASTERCARD,PURCHASE,477.14,710,ZAR,5422,MANUAL,319100,62,Restricted card,DECLINED,649358,004047692105,N,N,ACQ-TESTPOC-001,2026-08-23T16:11:50Z
1673ace4-e06a-4af0-9f57-4405367acea4,MERCH000014,TERM000036,CARD000191,4000008562718754,400000******8754,Susan Gonzalez,01/27,915,4000008562718754=270120159428434,VISA,PURCHASE,763.84,840,USD,5651,CHIP,473107,00,Approved,APPROVED,183061,011379844097,Y,N,ACQ-TESTPOC-001,2026-09-03T03:33:19Z
ec654e17-cd51-424c-b420-597f1defb8cf,MERCH000007,TERM000018,CARD000204,378282300979257,378282*****9257,David Thomas,04/27,1950,378282300979257=270420105281273,AMEX,PURCHASE,351.15,710,ZAR,5462,SWIPE,014473,00,Approved,APPROVED,840896,404337009687,N,M,ACQ-TESTPOC-001,2026-08-14T23:58:58Z
f98c5fc6-8324-4f94-a557-877848edc115,MERCH000010,TERM000029,CARD000046,371449744905811,371449*****5811,Liam Johnson,08/29,0541,371449744905811=290820119986798,AMEX,PURCHASE,317.90,826,GBP,5422,ECOM,882556,00,Approved,APPROVED,182413,965754278656,Y,P,ACQ-TESTPOC-001,2026-08-17T00:30:08Z
e723c4db-b737-4ab2-9bd6-de7b2bdbb750,MERCH000005,TERM000014,CARD000184,2223006213721388,222300******1388,Ava Martin,06/30,026,2223006213721388=300620101279611,MASTERCARD,PURCHASE,140.47,986,BRL,5651,CONTACTLESS,829582,00,Approved,APPROVED,892440,923616188081,U,M,ACQ-TESTPOC-001,2026-08-15T21:31:12Z
6789d806-6530-4452-84ae-f8b4bb1f96d4,MERCH000009,TERM000026,CARD000379,30569346225228,305693****5228,Barbara Taylor,08/28,179,30569346225228=280820132302346,DINERS,VOID,277.34,978,EUR,5462,MANUAL,586863,00,Approved,APPROVED,605048,561372308172,Y,P,ACQ-TESTPOC-001,2026-08-28T14:14:10Z
b12eda26-e1d5-4b59-98f7-dd44071fae78,MERCH000008,TERM000025,CARD000156,30569389935881,305693****5881,Jessica Thomas,07/27,562,30569389935881=270720189002877,DINERS,PURCHASE,20.96,124,CAD,5533,CONTACTLESS,132114,00,Approved,APPROVED,474584,165609456534,Z,U,ACQ-TESTPOC-001,2026-08-10T05:25:20Z
6995cdb0-dac9-4161-9fe0-35545a0ce0b6,MERCH000021,TERM000050,CARD000348,4111118456797230,411111******7230,Patricia Jones,01/28,496,4111118456797230=280120185498227,VISA,VOID,595.84,036,AUD,5431,MANUAL,681699,00,Approved,APPROVED,923413,570607174811,N,M,ACQ-TESTPOC-001,2026-08-21T10:28:40Z
d7295ccd-a55d-4c70-adc7-b869aa97b309,MERCH000015,TERM000037,CARD000384,371449178333217,371449*****3217,Mary Garcia,07/27,5643,371449178333217=270720147128715,AMEX,PREAUTH,470.18,036,AUD,5941,MANUAL,739610,00,Approved,APPROVED,717041,290871827496,U,M,ACQ-TESTPOC-001,2026-08-26T04:21:30Z
9250d5a6-e97e-496e-9211-16cd8bf02f6b,MERCH000009,TERM000026,CARD000358,378282690782634,378282*****2634,Susan Thomas,12/28,3898,378282690782634=281220177515366,AMEX,REFUND,34.80,826,GBP,5462,CONTACTLESS,612137,00,Approved,APPROVED,509867,306260423597,N,U,ACQ-TESTPOC-001,2026-08-19T20:48:03Z
cfe9404f-9396-4720-93eb-0ca33470c0b3,MERCH000023,TERM000053,CARD000052,4111114782613753,411111******3753,Patricia Gonzalez,07/27,853,4111114782613753=270720161530515,VISA,PURCHASE,478.79,484,MXN,5812,CONTACTLESS,560858,91,Issuer or switch inoperative,DECLINED,111493,670468611145,Z,U,ACQ-TESTPOC-001,2026-08-31T07:51:13Z
18c9606e-26a1-4269-906c-f0fedb00f0ec,MERCH000017,TERM000040,CARD000071,4111118962309132,411111******9132,Chidi Wilson,08/27,263,4111118962309132=270820168970283,VISA,PREAUTH,167.84,986,BRL,5812,SWIPE,584712,00,Approved,APPROVED,610397,618033242605,Y,M,ACQ-TESTPOC-001,2026-09-02T11:49:55Z
1bf179e8-222c-4e67-b166-b48713dd848a,MERCH000004,TERM000010,CARD000300,5555556321234766,555555******4766,Patricia Thomas,10/29,851,5555556321234766=291020158673425,MASTERCARD,VOID,782.70,392,JPY,5941,CONTACTLESS,337773,41,Lost card,DECLINED,103858,268812282178,Y,N,ACQ-TESTPOC-001,2026-08-20T11:40:04Z
cf2789f2-626d-4375-a412-d56384140ec6,MERCH000008,TERM000025,CARD000321,371449383959723,371449*****9723,Priya Wilson,12/29,5729,371449383959723=291220134172232,AMEX,PURCHASE,37.43,756,CHF,5533,MANUAL,603567,00,Approved,APPROVED,635894,327986239847,Y,U,ACQ-TESTPOC-001,2026-08-25T04:07:44Z
7a2ccf83-b02e-49bf-a574-e7e130be71b8,MERCH000020,TERM000048,CARD000214,5555552067998136,555555******8136,Arjun Jones,05/30,251,5555552067998136=300520179086416,MASTERCARD,PURCHASE,657.21,826,GBP,5251,CONTACTLESS,464754,58,Transaction not permitted to terminal,DECLINED,876949,895478769899,U,N,ACQ-TESTPOC-001,2026-09-02T18:54:15Z
7a14f51d-b9bd-46a1-a922-1aca0531306d,MERCH000016,TERM000039,CARD000047,4000007935978202,400000******8202,Amara Singh,02/30,182,4000007935978202=300220103778892,VISA,PREAUTH,54.43,986,BRL,5431,CONTACTLESS,449835,00,Approved,APPROVED,971841,539354358644,U,U,ACQ-TESTPOC-001,2026-08-13T20:38:26Z
aa177348-3571-404e-a9c9-fd97732db8e8,MERCH000022,TERM000052,CARD000394,3530118831030328,353011******0328,William Martin,04/29,839,3530118831030328=290420154296184,JCB,PURCHASE,584.35,124,CAD,5411,ECOM,885379,00,Approved,APPROVED,545377,214339527536,Z,P,ACQ-TESTPOC-001,2026-08-17T07:08:11Z
c44f03c9-aa68-468e-8dea-5cc83312b3e9,MERCH000019,TERM000046,CARD000276,3530113751509393,353011******9393,Richard Smith,05/28,187,3530113751509393=280520118637599,JCB,VOID,821.57,978,EUR,4814,SWIPE,601347,00,Approved,APPROVED,476851,894896340679,Y,U,ACQ-TESTPOC-001,2026-08-26T07:43:22Z
baa7732a-752f-4782-a009-a8f728af4501,MERCH000014,TERM000035,CARD000161,30569399586690,305693****6690,Arjun Hernandez,05/28,472,30569399586690=280520126984858,DINERS,PURCHASE,35.84,840,USD,5651,CONTACTLESS,188421,00,Approved,APPROVED,970716,630900159446,N,N,ACQ-TESTPOC-001,2026-09-02T07:48:53Z
2bf21c08-1f72-43fd-8c6a-37187df5a1cb,MERCH000008,TERM000024,CARD000283,5105105279852404,510510******2404,William Muller,04/27,234,5105105279852404=270420123216110,MASTERCARD,PURCHASE,648.24,392,JPY,5533,MANUAL,638902,00,Approved,APPROVED,095606,994711363379,N,N,ACQ-TESTPOC-001,2026-08-25T04:50:59Z
890f6acd-c9d0-4a39-bcd3-30fad39cc39e,MERCH000008,TERM000024,CARD000055,6011118880670652,601111******0652,Mary Lopez,12/29,153,6011118880670652=291220119520585,DISCOVER,PURCHASE,722.30,484,MXN,5533,CHIP,311677,00,Approved,APPROVED,157690,696084376855,Y,U,ACQ-TESTPOC-001,2026-09-05T04:17:41Z
67caed6f-f5b8-4d73-a956-52342115346d,MERCH000017,TERM000042,CARD000199,6011110774064936,601111******4936,Yuki Miller,09/27,686,6011110774064936=270920163266341,DISCOVER,VOID,66.68,702,SGD,5812,ECOM,626335,00,Approved,APPROVED,370425,643436970931,Z,M,ACQ-TESTPOC-001,2026-08-09T21:21:47Z
0b7bada2-2bcf-4574-a37b-667ec6c23f05,MERCH000013,TERM000033,CARD000185,5555555190669847,555555******9847,Emma Anderson,03/27,038,5555555190669847=270320143098839,MASTERCARD,PURCHASE,76.95,756,CHF,5941,CONTACTLESS,345472,04,Pick up card,DECLINED,176728,398983065031,N,M,ACQ-TESTPOC-001,2026-08-24T11:28:33Z
5fca0357-8cb4-4a7e-b176-b2f0d7f17334,MERCH000020,TERM000048,CARD000129,2223009059929370,222300******9370,Emma Johnson,03/29,103,2223009059929370=290320193087059,MASTERCARD,PURCHASE,121.25,036,AUD,5251,CONTACTLESS,236428,00,Approved,APPROVED,070022,319092487623,Y,N,ACQ-TESTPOC-001,2026-09-02T19:00:44Z
4f292f67-5fd9-49e7-847b-99eefd3981d2,MERCH000020,TERM000048,CARD000035,3530110422842104,353011******2104,Wei Rossi,01/28,395,3530110422842104=280120102402681,JCB,PURCHASE,106.39,356,INR,5251,SWIPE,522823,14,Invalid card number,DECLINED,825133,052480880622,Y,U,ACQ-TESTPOC-001,2026-08-12T08:42:08Z
8d118cb3-1013-4c96-9942-e54c03b71bb9,MERCH000005,TERM000013,CARD000124,3530110352135685,353011******5685,Karen Rodriguez,11/27,206,3530110352135685=271120178831712,JCB,PURCHASE,393.58,036,AUD,5651,CHIP,132901,00,Approved,APPROVED,395758,204787688687,U,P,ACQ-TESTPOC-001,2026-08-08T16:06:37Z
7651ad55-628f-4c32-9d7b-4d74cc50cf54,MERCH000020,TERM000049,CARD000385,3530119156686330,353011******6330,Charles Williams,02/29,115,3530119156686330=290220193195256,JCB,PURCHASE,108.18,710,ZAR,5251,CHIP,195419,00,Approved,APPROVED,948085,666450573036,N,U,ACQ-TESTPOC-001,2026-08-27T19:00:34Z
3a5b128d-c2a7-4516-93c1-55dd3d28dc3d,MERCH000019,TERM000047,CARD000072,2223007865278586,222300******8586,Thomas Martin,11/29,733,2223007865278586=291120148434437,MASTERCARD,PURCHASE,768.21,124,CAD,4814,CONTACTLESS,677537,00,Approved,APPROVED,136749,603214505766,Y,P,ACQ-TESTPOC-001,2026-08-16T02:34:45Z
2632e363-7cb4-4963-9fc1-34cbb7c26764,MERCH000012,TERM000032,CARD000021,3530116717565516,353011******5516,Fatima Singh,06/28,746,3530116717565516=280620180715451,JCB,PURCHASE,783.77,036,AUD,5511,CHIP,128400,00,Approved,APPROVED,534256,385076597595,A,P,ACQ-TESTPOC-001,2026-08-06T20:55:38Z
f660815b-e0e2-42ec-a4a6-fae68cddb0a4,MERCH000002,TERM000005,CARD000225,5105107644726495,510510******6495,Sofia Andersson,12/27,277,5105107644726495=271220118129826,MASTERCARD,PREAUTH,662.63,986,BRL,5422,ECOM,981265,00,Approved,APPROVED,692706,742231964630,Y,P,ACQ-TESTPOC-001,2026-08-11T20:32:12Z
53ed478d-43e7-4f3f-8529-24b06b5222f5,MERCH000001,TERM000002,CARD000100,30569365610144,305693****0144,Sofia Moore,09/28,993,30569365610144=280920175679825,DINERS,REFUND,363.45,826,GBP,5992,CONTACTLESS,301204,30,Format error,DECLINED,762564,713727117595,Z,P,ACQ-TESTPOC-001,2026-08-22T17:47:34Z
2ee0ea71-906c-41e0-a697-1845b5cbcd74,MERCH000019,TERM000047,CARD000281,2223000448183217,222300******3217,Chidi Muller,09/28,544,2223000448183217=280920151895202,MASTERCARD,PREAUTH,133.10,356,INR,4814,MANUAL,984933,00,Approved,APPROVED,854517,067458476094,A,M,ACQ-TESTPOC-001,2026-08-07T12:38:20Z
f33d4781-3413-40db-b7ce-fc7930a04daa,MERCH000005,TERM000013,CARD000113,4000009275326976,400000******6976,Michael Jones,02/28,196,4000009275326976=280220156523413,VISA,REFUND,593.08,978,EUR,5651,CONTACTLESS,666954,00,Approved,APPROVED,085070,329715066626,Z,M,ACQ-TESTPOC-001,2026-08-08T04:30:03Z
08241cdb-074b-4317-a872-5717da49cf22,MERCH000011,TERM000031,CARD000061,30569355188440,305693****8440,Barbara Rossi,12/28,583,30569355188440=281220113237058,DINERS,PURCHASE,500.57,756,CHF,5541,CONTACTLESS,343925,96,System malfunction,DECLINED,166924,959611110286,Z,M,ACQ-TESTPOC-001,2026-08-27T04:28:04Z
b77f9251-5719-478f-a6c5-009e13089eae,MERCH000023,TERM000053,CARD000027,4242426117240058,424242******0058,Wei Lopez,05/27,623,4242426117240058=270520186922219,VISA,VOID,577.25,392,JPY,5812,ECOM,591024,00,Approved,APPROVED,346178,109109032671,A,P,ACQ-TESTPOC-001,2026-09-04T20:48:58Z
2bd8af86-d828-4816-899a-bc1fbad93dd4,MERCH000020,TERM000048,CARD000314,30569361085739,305693****5739,Sofia Okafor,08/28,814,30569361085739=280820176174224,DINERS,VOID,134.63,036,AUD,5251,ECOM,817934,00,Approved,APPROVED,033589,652775844663,A,P,ACQ-TESTPOC-001,2026-08-27T07:55:31Z
f3874be9-aa74-4c68-aded-c1ed09631ec8,MERCH000007,TERM000019,CARD000237,6011114094353342,601111******3342,Chidi Dubois,09/29,714,6011114094353342=290920122410988,DISCOVER,PURCHASE,744.00,484,MXN,5462,CHIP,722145,00,Approved,APPROVED,721132,593766189437,Y,P,ACQ-TESTPOC-001,2026-08-31T13:50:58Z
709d01a3-4338-4945-b285-4264c20ed497,MERCH000006,TERM000017,CARD000099,4111116617979689,411111******9689,Robert Rossi,09/30,589,4111116617979689=300920111352909,VISA,VOID,331.74,036,AUD,7011,CONTACTLESS,765725,51,Insufficient funds,DECLINED,781484,659202461752,Y,N,ACQ-TESTPOC-001,2026-08-25T09:56:58Z
7cec8994-0554-4538-be0c-28002251f562,MERCH000008,TERM000025,CARD000143,4111119333346803,411111******6803,William Okafor,08/27,290,4111119333346803=270820134944665,VISA,PREAUTH,537.18,840,USD,5533,CONTACTLESS,955017,00,Approved,APPROVED,809047,833258486899,U,N,ACQ-TESTPOC-001,2026-08-07T05:13:49Z
6de1e3e9-5c7c-44f8-90d5-f570440a9791,MERCH000014,TERM000036,CARD000021,3530116717565516,353011******5516,Fatima Singh,06/28,746,3530116717565516=280620180715451,JCB,PURCHASE,38.79,710,ZAR,5651,CHIP,691767,00,Approved,APPROVED,958508,993593744039,A,U,ACQ-TESTPOC-001,2026-08-21T12:22:25Z
587d0c30-5055-4eeb-a5b6-2c074cf66763,MERCH000009,TERM000026,CARD000272,378282827567049,378282*****7049,Mary Muller,02/28,3856,378282827567049=280220195579887,AMEX,PURCHASE,2.91,756,CHF,5462,CHIP,488608,00,Approved,APPROVED,910736,490793884136,U,P,ACQ-TESTPOC-001,2026-08-29T10:45:08Z
2bb47541-5ccc-4366-bde0-77e772f49583,MERCH000006,TERM000016,CARD000008,2223004668893737,222300******3737,Emma Smith,07/29,656,2223004668893737=290720127298069,MASTERCARD,PURCHASE,18.57,710,ZAR,7011,ECOM,424462,00,Approved,APPROVED,949962,632514488112,Y,M,ACQ-TESTPOC-001,2026-08-14T22:54:39Z
549d816b-a695-4d06-82c3-c00c9983fba2,MERCH000008,TERM000022,CARD000399,6011113414651112,601111******1112,David Jackson,02/28,014,6011113414651112=280220187068277,DISCOVER,VOID,104.10,392,JPY,5533,MANUAL,878179,12,Invalid transaction,DECLINED,291819,151526384091,Y,N,ACQ-TESTPOC-001,2026-08-12T03:48:53Z
982f8a4a-63f1-4c52-8b8b-947869eb1871,MERCH000005,TERM000014,CARD000083,3530110306738303,353011******8303,Charles Davis,09/28,959,3530110306738303=280920195342836,JCB,PURCHASE,299.32,986,BRL,5651,MANUAL,661863,00,Approved,APPROVED,175660,397913787655,N,M,ACQ-TESTPOC-001,2026-08-19T13:25:48Z
bc7528d3-2626-4824-ad93-7c8ff4e2d4cd,MERCH000002,TERM000005,CARD000097,4242422406596573,424242******6573,Hiroshi Jones,07/29,459,4242422406596573=290720137526547,VISA,PURCHASE,551.76,392,JPY,5422,ECOM,057121,96,System malfunction,DECLINED,623534,881927788519,Y,P,ACQ-TESTPOC-001,2026-09-04T17:37:59Z
46b358cc-4e2d-45c9-8e7d-29a75fe9a78e,MERCH000008,TERM000024,CARD000275,4111117520885476,411111******5476,Elizabeth Rossi,10/29,975,4111117520885476=291020117028140,VISA,PREAUTH,798.25,840,USD,5533,CHIP,462456,54,Expired card,DECLINED,078011,851744600452,Y,N,ACQ-TESTPOC-001,2026-08-09T22:41:58Z
ffe1dbf6-c259-4cc6-b758-dc9f762e8a6f,MERCH000017,TERM000042,CARD000307,4242421800537597,424242******7597,Thomas Taylor,01/27,964,4242421800537597=270120165280924,VISA,PURCHASE,653.03,036,AUD,5812,CHIP,293913,00,Approved,APPROVED,051462,448818984841,Z,M,ACQ-TESTPOC-001,2026-08-09T08:36:53Z
22fd2434-5ffd-44e3-9d25-1c8c28b48a9a,MERCH000010,TERM000029,CARD000048,2223004665905153,222300******5153,Priya Martinez,09/27,492,2223004665905153=270920151925462,MASTERCARD,REFUND,81.07,978,EUR,5422,CHIP,170756,00,Approved,APPROVED,568290,142983152291,Y,U,ACQ-TESTPOC-001,2026-08-15T01:42:13Z
24714f0e-0a4f-4f98-b2cf-201dbad77cda,MERCH000007,TERM000019,CARD000087,30569354458778,305693****8778,Noah Dubois,12/27,535,30569354458778=271220156093204,DINERS,PURCHASE,579.52,840,USD,5462,SWIPE,378306,96,System malfunction,DECLINED,221257,963845269694,A,N,ACQ-TESTPOC-001,2026-08-12T14:27:45Z
99dc2ec8-7990-42d4-a4e4-ed4b56fdc2eb,MERCH000020,TERM000048,CARD000362,4242426323467297,424242******7297,Richard Taylor,10/29,743,4242426323467297=291020102716938,VISA,PURCHASE,345.31,978,EUR,5251,ECOM,429291,00,Approved,APPROVED,703619,320330162341,U,M,ACQ-TESTPOC-001,2026-08-23T03:18:22Z
074fa847-2873-4856-bec3-2d48a61c2965,MERCH000021,TERM000050,CARD000368,5555551312206816,555555******6816,Ava Okafor,06/29,393,5555551312206816=290620186613315,MASTERCARD,PURCHASE,380.57,124,CAD,5431,ECOM,155668,00,Approved,APPROVED,713361,473236533774,Z,M,ACQ-TESTPOC-001,2026-09-01T13:59:34Z
ff773d88-e656-444a-b2ab-4682e1151713,MERCH000009,TERM000026,CARD000222,30569342312202,305693****2202,Mateus Martin,10/29,393,30569342312202=291020130517289,DINERS,REFUND,636.33,840,USD,5462,CONTACTLESS,361424,58,Transaction not permitted to terminal,DECLINED,292896,260781975437,N,P,ACQ-TESTPOC-001,2026-08-22T06:56:10Z
3c572906-d3d0-4713-b2c3-80be91f96544,MERCH000016,TERM000039,CARD000139,4111112999119143,411111******9143,Thomas Gonzalez,07/29,799,4111112999119143=290720170246299,VISA,PREAUTH,664.08,840,USD,5431,CONTACTLESS,638821,61,Exceeds withdrawal amount limit,DECLINED,280678,584148460191,N,P,ACQ-TESTPOC-001,2026-08-30T20:45:32Z
280fa9f4-ae61-4bc0-9247-f0b3be686e69,MERCH000009,TERM000026,CARD000388,378282420865675,378282*****5675,Arjun Williams,07/29,8443,378282420865675=290720186125904,AMEX,REFUND,679.35,484,MXN,5462,CHIP,780205,54,Expired card,DECLINED,805823,869507321464,A,N,ACQ-TESTPOC-001,2026-08-05T14:00:25Z
c0ad4ff9-7632-494f-b089-3b22af4aeb85,MERCH000021,TERM000051,CARD000343,4111111921249382,411111******9382,Mary Singh,04/29,894,4111111921249382=290420187060566,VISA,PURCHASE,401.60,756,CHF,5431,CHIP,505573,00,Approved,APPROVED,558352,573680119236,Y,N,ACQ-TESTPOC-001,2026-08-09T16:23:24Z
19ac6d47-771b-40bf-9443-329bb3fc7cc6,MERCH000015,TERM000037,CARD000274,4000005927452384,400000******2384,Chidi Lopez,11/27,257,4000005927452384=271120182841067,VISA,PURCHASE,375.65,356,INR,5941,CHIP,335104,96,System malfunction,DECLINED,012266,961497315391,Y,P,ACQ-TESTPOC-001,2026-08-13T09:53:17Z
65b21b6b-8240-405d-a39c-1e099fa4af7c,MERCH000020,TERM000048,CARD000023,5555552480861317,555555******1317,Elizabeth Thomas,02/30,484,5555552480861317=300220167737826,MASTERCARD,VOID,619.64,702,SGD,5251,CONTACTLESS,365118,00,Approved,APPROVED,611193,394065578201,U,M,ACQ-TESTPOC-001,2026-08-20T13:42:26Z
4fda13ba-c79e-42b9-86d0-c891295014f1,MERCH000022,TERM000052,CARD000099,4111116617979689,411111******9689,Robert Rossi,09/30,589,4111116617979689=300920111352909,VISA,PURCHASE,167.28,826,GBP,5411,CHIP,247073,00,Approved,APPROVED,648697,201354621276,Y,N,ACQ-TESTPOC-001,2026-08-31T06:45:13Z
4785c55c-66a0-420b-8543-f18570c58a51,MERCH000012,TERM000032,CARD000273,5105109242437541,510510******7541,Wei Martinez,03/27,729,5105109242437541=270320128422223,MASTERCARD,PURCHASE,649.99,978,EUR,5511,CHIP,261632,00,Approved,APPROVED,279068,888995729893,Z,U,ACQ-TESTPOC-001,2026-08-30T14:06:03Z
efe44666-2529-48ae-9cf9-48144a4981b5,MERCH000006,TERM000017,CARD000143,4111119333346803,411111******6803,William Okafor,08/27,290,4111119333346803=270820134944665,VISA,PURCHASE,167.63,840,USD,7011,CONTACTLESS,871912,62,Restricted card,DECLINED,944589,038187692082,U,N,ACQ-TESTPOC-001,2026-08-26T03:21:47Z
b2355db7-450f-42ad-9ee0-c8dac5e4f58c,MERCH000005,TERM000013,CARD000026,371449026217455,371449*****7455,Jennifer Muller,11/30,5865,371449026217455=301120178091343,AMEX,PURCHASE,469.88,356,INR,5651,SWIPE,814458,00,Approved,APPROVED,142795,206732318297,Y,U,ACQ-TESTPOC-001,2026-08-19T16:25:04Z
5fcce5d1-0954-4efe-8aa2-2cad46851363,MERCH000024,TERM000055,CARD000378,5105108869461198,510510******1198,Sarah Kowalski,03/29,364,5105108869461198=290320102701168,MASTERCARD,VOID,26.44,392,JPY,5422,CHIP,000152,00,Approved,APPROVED,794357,911371785090,N,P,ACQ-TESTPOC-001,2026-08-12T01:30:50Z
fe31e50c-a6cc-4e04-b2e3-67ddf3982dc1,MERCH000011,TERM000031,CARD000345,4111115411076098,411111******6098,Jessica Brown,05/29,735,4111115411076098=290520105831997,VISA,REFUND,136.22,036,AUD,5541,MANUAL,299874,12,Invalid transaction,DECLINED,514996,812248905670,U,U,ACQ-TESTPOC-001,2026-09-01T19:18:42Z
8a55b56c-434d-4518-b3b8-ee67eeb53d2c,MERCH000015,TERM000037,CARD000023,5555552480861317,555555******1317,Elizabeth Thomas,02/30,484,5555552480861317=300220167737826,MASTERCARD,PREAUTH,321.83,124,CAD,5941,CONTACTLESS,158482,00,Approved,APPROVED,424865,691362483550,A,P,ACQ-TESTPOC-001,2026-08-17T10:59:18Z
c14139b1-3536-4850-b6e6-fbf4f854091e,MERCH000006,TERM000017,CARD000374,3530117347156627,353011******6627,Omar Taylor,08/30,962,3530117347156627=300820170661498,JCB,PURCHASE,346.32,840,USD,7011,CONTACTLESS,998795,00,Approved,APPROVED,824729,098221040164,U,M,ACQ-TESTPOC-001,2026-09-03T18:14:58Z
6e3c8ca6-e25f-4a89-97fa-d5d90745710e,MERCH000018,TERM000043,CARD000134,3530119706296200,353011******6200,Susan Miller,06/27,688,3530119706296200=270620144431069,JCB,PURCHASE,806.23,356,INR,5411,CHIP,836381,00,Approved,APPROVED,419124,432126942894,Z,P,ACQ-TESTPOC-001,2026-08-15T12:43:06Z
0a9dc142-f2e9-4fb8-ab88-4eeb62ceb469,MERCH000006,TERM000016,CARD000125,4000000323651994,400000******1994,Mary Williams,02/29,372,4000000323651994=290220115107029,VISA,REFUND,616.72,702,SGD,7011,CONTACTLESS,314417,00,Approved,APPROVED,915872,064625540263,A,P,ACQ-TESTPOC-001,2026-08-07T22:11:15Z
90ff0907-a4e1-4344-ae9e-9cadb9899b15,MERCH000018,TERM000043,CARD000151,3530110100167618,353011******7618,Elizabeth Miller,08/29,046,3530110100167618=290820118499261,JCB,VOID,262.26,756,CHF,5411,CONTACTLESS,489880,00,Approved,APPROVED,809539,315388824527,U,M,ACQ-TESTPOC-001,2026-08-29T12:58:18Z
48c94e5c-ba60-4a2a-a6b8-3696087cad37,MERCH000022,TERM000052,CARD000020,6011117719065944,601111******5944,Joseph Nakamura,02/27,990,6011117719065944=270220149027874,DISCOVER,PURCHASE,203.76,036,AUD,5411,CHIP,538495,96,System malfunction,DECLINED,926396,163211197871,U,M,ACQ-TESTPOC-001,2026-08-26T14:19:57Z
ca150019-d055-427b-affa-06c6de13aec6,MERCH000020,TERM000048,CARD000124,3530110352135685,353011******5685,Karen Rodriguez,11/27,206,3530110352135685=271120178831712,JCB,PREAUTH,115.37,124,CAD,5251,CONTACTLESS,306011,00,Approved,APPROVED,962729,987561786880,Y,N,ACQ-TESTPOC-001,2026-08-18T09:19:17Z
32a6d50b-00e5-454e-92ce-05604409c275,MERCH000007,TERM000018,CARD000016,6011112400842719,601111******2719,Charles Thomas,10/27,775,6011112400842719=271020120471167,DISCOVER,REFUND,109.59,356,INR,5462,SWIPE,036577,00,Approved,APPROVED,276705,491609365952,Y,M,ACQ-TESTPOC-001,2026-08-18T08:38:11Z
7cb8cdb9-351a-40aa-bce7-f8eeb1139e7b,MERCH000010,TERM000030,CARD000037,3530112124998564,353011******8564,Lucas Martin,08/29,611,3530112124998564=290820183673657,JCB,REFUND,244.52,484,MXN,5422,CONTACTLESS,336875,00,Approved,APPROVED,878775,092632239982,Y,N,ACQ-TESTPOC-001,2026-08-11T08:04:27Z
c9dec6a2-c01a-4629-b92f-9468fb33a0e4,MERCH000015,TERM000037,CARD000172,3530110878141415,353011******1415,Camila Thomas,12/28,552,3530110878141415=281220131491357,JCB,VOID,591.41,840,USD,5941,ECOM,428860,00,Approved,APPROVED,869880,505376660811,N,U,ACQ-TESTPOC-001,2026-08-25T22:55:55Z
d2725742-d4a9-45f1-8173-ce85dfc43d48,MERCH000025,TERM000057,CARD000022,378282808760381,378282*****0381,Emma Okafor,10/29,7034,378282808760381=291020182477109,AMEX,PURCHASE,307.76,124,CAD,5942,SWIPE,106271,00,Approved,APPROVED,335940,312345506882,Z,M,ACQ-TESTPOC-001,2026-08-06T05:04:57Z
62030e40-437a-4e35-bc3b-49a9bce05724,MERCH000016,TERM000039,CARD000218,4000004394070167,400000******0167,Yuki Muller,11/29,104,4000004394070167=291120163681579,VISA,VOID,836.35,124,CAD,5431,CONTACTLESS,401348,00,Approved,APPROVED,005199,873543788260,N,N,ACQ-TESTPOC-001,2026-08-11T18:18:03Z
00271e0c-9541-4d8b-a03a-be037456ce8a,MERCH000021,TERM000051,CARD000315,5555558649081085,555555******1085,Omar Wilson,09/27,179,5555558649081085=270920145491801,MASTERCARD,PURCHASE,587.75,710,ZAR,5431,SWIPE,085991,00,Approved,APPROVED,842306,449207492699,U,U,ACQ-TESTPOC-001,2026-08-13T08:56:54Z
2049a235-ef36-4582-8550-cfbc6cfa4f94,MERCH000025,TERM000057,CARD000400,30569381609302,305693****9302,Ethan Kowalski,12/30,538,30569381609302=301220190972832,DINERS,PREAUTH,634.37,484,MXN,5942,ECOM,718428,00,Approved,APPROVED,821591,596932591408,A,N,ACQ-TESTPOC-001,2026-08-15T02:06:25Z
79c8b60f-3139-49cf-8656-9221a0f93c45,MERCH000006,TERM000016,CARD000056,30569327722177,305693****2177,Richard Johnson,05/27,305,30569327722177=270520148687403,DINERS,REFUND,344.18,756,CHF,7011,CHIP,690872,00,Approved,APPROVED,417326,176072348389,N,P,ACQ-TESTPOC-001,2026-08-31T04:41:11Z
14ae2543-718d-489a-a200-d8d4807b9c9d,MERCH000022,TERM000052,CARD000333,3530114975679228,353011******9228,Liam Jones,08/30,519,3530114975679228=300820196636580,JCB,PURCHASE,710.74,840,USD,5411,MANUAL,056129,58,Transaction not permitted to terminal,DECLINED,639638,650826958264,Y,U,ACQ-TESTPOC-001,2026-08-28T19:51:18Z
f97bf047-a8c7-4226-8542-4cc2f0787f7c,MERCH000019,TERM000046,CARD000177,6011119266591843,601111******1843,Sofia Gonzalez,04/30,557,6011119266591843=300420179082723,DISCOVER,VOID,477.96,840,USD,4814,CONTACTLESS,123859,43,Stolen card,DECLINED,353215,143468239484,Y,M,ACQ-TESTPOC-001,2026-08-22T15:55:01Z
025e5f8d-a403-476f-a60b-92f5a4a944d6,MERCH000006,TERM000017,CARD000386,4000004098366556,400000******6556,Hiroshi Jackson,09/28,316,4000004098366556=280920108752437,VISA,PURCHASE,510.73,756,CHF,7011,CHIP,016831,54,Expired card,DECLINED,085159,395001680941,A,M,ACQ-TESTPOC-001,2026-08-29T11:59:18Z
4d2881af-30b6-4951-8c69-98a57392e684,MERCH000024,TERM000056,CARD000028,3530113792374740,353011******4740,Charles Nakamura,08/27,821,3530113792374740=270820175946474,JCB,REFUND,167.32,356,INR,5422,CONTACTLESS,620534,54,Expired card,DECLINED,283242,077794620726,Z,N,ACQ-TESTPOC-001,2026-08-21T22:10:49Z
3c456fa2-99e3-4e70-a5e9-318b49e19708,MERCH000020,TERM000048,CARD000177,6011119266591843,601111******1843,Sofia Gonzalez,04/30,557,6011119266591843=300420179082723,DISCOVER,VOID,616.51,710,ZAR,5251,CONTACTLESS,602991,05,Do not honor,DECLINED,806473,406884133373,Y,N,ACQ-TESTPOC-001,2026-09-04T18:08:55Z
93489b87-3ea6-4418-a0a1-81853dbecd45,MERCH000011,TERM000031,CARD000367,30569381647096,305693****7096,Priya Dubois,01/27,335,30569381647096=270120133106005,DINERS,REFUND,93.30,756,CHF,5541,CHIP,703211,61,Exceeds withdrawal amount limit,DECLINED,632214,206136385277,U,P,ACQ-TESTPOC-001,2026-08-07T06:47:38Z
0c537815-fe52-4758-8f63-6a1efad7baca,MERCH000013,TERM000033,CARD000098,5555555646519398,555555******9398,Ava Smith,11/28,737,5555555646519398=281120141672434,MASTERCARD,REFUND,261.73,036,AUD,5941,CHIP,295026,00,Approved,APPROVED,308298,801644037341,Z,U,ACQ-TESTPOC-001,2026-08-29T21:55:03Z
fe42c4ca-bbb4-4000-8083-cc53322822a2,MERCH000018,TERM000043,CARD000073,371449584419865,371449*****9865,Elizabeth Martinez,06/30,0415,371449584419865=300620174733848,AMEX,PURCHASE,145.60,356,INR,5411,CHIP,021798,00,Approved,APPROVED,867510,213486298579,Z,N,ACQ-TESTPOC-001,2026-08-07T21:12:10Z
d40e1392-c286-4c5f-a453-11c70d66260b,MERCH000025,TERM000057,CARD000119,4000000307562209,400000******2209,Chidi Davis,04/30,654,4000000307562209=300420119518023,VISA,PREAUTH,151.46,356,INR,5942,CONTACTLESS,605397,00,Approved,APPROVED,774672,079866177067,N,U,ACQ-TESTPOC-001,2026-08-08T18:44:04Z
63a9d5a6-4165-4cd3-8234-1f072f5363a7,MERCH000017,TERM000040,CARD000008,2223004668893737,222300******3737,Emma Smith,07/29,656,2223004668893737=290720127298069,MASTERCARD,PURCHASE,714.74,986,BRL,5812,CHIP,552165,00,Approved,APPROVED,015552,587146921821,U,N,ACQ-TESTPOC-001,2026-08-25T11:35:26Z
efa2c18e-6a5a-4e7f-86c3-d3d5924a059d,MERCH000011,TERM000031,CARD000234,6011114958803952,601111******3952,Elizabeth Rodriguez,02/29,056,6011114958803952=290220182996291,DISCOVER,PURCHASE,228.97,986,BRL,5541,SWIPE,984802,00,Approved,APPROVED,133037,050938694842,A,P,ACQ-TESTPOC-001,2026-08-11T16:57:25Z
42a927db-7b66-4ac9-8c12-9968d444ba34,MERCH000024,TERM000055,CARD000332,4242425454470229,424242******0229,Karen Andersson,01/30,432,4242425454470229=300120170185106,VISA,VOID,389.74,356,INR,5422,MANUAL,071523,00,Approved,APPROVED,938681,867673820974,Z,M,ACQ-TESTPOC-001,2026-09-03T02:37:32Z
7d874896-660e-4b59-b6b2-7da76419f4c2,MERCH000020,TERM000048,CARD000369,4111110650637312,411111******7312,Sakura Lopez,11/29,013,4111110650637312=291120164971892,VISA,PURCHASE,327.42,710,ZAR,5251,MANUAL,996872,00,Approved,APPROVED,877705,258937085806,N,N,ACQ-TESTPOC-001,2026-08-15T14:30:29Z
5c9462e3-cb94-49d3-848b-82c09d51a19b,MERCH000012,TERM000032,CARD000357,5105103111508359,510510******8359,Amara Rodriguez,11/28,443,5105103111508359=281120192840445,MASTERCARD,REFUND,324.42,756,CHF,5511,CONTACTLESS,790012,57,Transaction not permitted to cardholder,DECLINED,293178,825544286796,N,N,ACQ-TESTPOC-001,2026-08-28T11:17:03Z
b5d487db-2914-4e57-a91d-bff5bfcf5f41,MERCH000012,TERM000032,CARD000096,6011112622444724,601111******4724,Omar Rodriguez,03/27,647,6011112622444724=270320115437993,DISCOVER,PURCHASE,490.07,702,SGD,5511,MANUAL,633891,00,Approved,APPROVED,356710,624152857256,N,N,ACQ-TESTPOC-001,2026-08-16T04:19:52Z
5bc84a52-1240-49ec-9c0e-6e22cdbd8094,MERCH000013,TERM000033,CARD000356,3530115677665753,353011******5753,Mary Garcia,07/29,734,3530115677665753=290720115148881,JCB,VOID,87.79,392,JPY,5941,SWIPE,186550,14,Invalid card number,DECLINED,997854,784685095744,N,M,ACQ-TESTPOC-001,2026-08-29T01:26:22Z
fb978638-ac52-4aa4-b536-38f3ab78704a,MERCH000007,TERM000020,CARD000322,371449167433804,371449*****3804,Thomas Lopez,06/27,2280,371449167433804=270620115619318,AMEX,VOID,64.26,484,MXN,5462,CHIP,797203,58,Transaction not permitted to terminal,DECLINED,546877,593401536415,A,U,ACQ-TESTPOC-001,2026-08-17T08:03:17Z
ef371d45-b5c8-414c-8cf6-ef93f88ee325,MERCH000004,TERM000010,CARD000168,5105103581128803,510510******8803,Susan Muller,04/27,613,5105103581128803=270420186120750,MASTERCARD,VOID,753.30,484,MXN,5941,CONTACTLESS,781367,00,Approved,APPROVED,892924,500942141052,Z,U,ACQ-TESTPOC-001,2026-08-30T08:46:14Z
6f1cd857-b562-4ec2-af87-4b3ac28059ae,MERCH000020,TERM000048,CARD000357,5105103111508359,510510******8359,Amara Rodriguez,11/28,443,5105103111508359=281120192840445,MASTERCARD,VOID,709.84,702,SGD,5251,CONTACTLESS,045238,00,Approved,APPROVED,552372,856225866059,U,U,ACQ-TESTPOC-001,2026-08-17T19:29:25Z
07a45466-04cf-402c-8112-15409bd0bf69,MERCH000025,TERM000057,CARD000276,3530113751509393,353011******9393,Richard Smith,05/28,187,3530113751509393=280520118637599,JCB,REFUND,600.48,710,ZAR,5942,CONTACTLESS,485965,00,Approved,APPROVED,835298,594282491165,Y,N,ACQ-TESTPOC-001,2026-08-22T03:40:05Z
0b5ff9f4-499f-4b47-ab65-1a15c54312e0,MERCH000001,TERM000001,CARD000022,378282808760381,378282*****0381,Emma Okafor,10/29,7034,378282808760381=291020182477109,AMEX,PURCHASE,746.77,986,BRL,5992,CHIP,215513,00,Approved,APPROVED,005840,557083682144,A,U,ACQ-TESTPOC-001,2026-09-01T02:36:20Z
185953a1-abf7-42f5-a7b4-fa98ae270995,MERCH000013,TERM000033,CARD000074,5105102199330835,510510******0835,Michael Wilson,01/28,571,5105102199330835=280120120826773,MASTERCARD,PREAUTH,670.71,986,BRL,5941,CONTACTLESS,620258,00,Approved,APPROVED,774633,254318328123,Y,N,ACQ-TESTPOC-001,2026-08-20T13:00:46Z
0d38794b-f6ad-4e34-bdb5-1fc84ebce372,MERCH000007,TERM000019,CARD000331,6011112772881378,601111******1378,David Moore,01/30,519,6011112772881378=300120161159408,DISCOVER,PURCHASE,627.81,756,CHF,5462,SWIPE,364723,00,Approved,APPROVED,752400,875082768172,N,P,ACQ-TESTPOC-001,2026-09-04T15:40:21Z
80419ac3-3cf3-419b-9fa2-79611ab33883,MERCH000016,TERM000039,CARD000165,4111118160648422,411111******8422,Thomas Smith,10/28,572,4111118160648422=281020102590947,VISA,PURCHASE,116.18,710,ZAR,5431,MANUAL,905291,00,Approved,APPROVED,535747,768316082717,N,M,ACQ-TESTPOC-001,2026-08-27T12:36:25Z
d8e27062-8ea2-4965-a91d-973fbc683570,MERCH000015,TERM000037,CARD000102,2223001238282581,222300******2581,Joseph Rossi,08/30,622,2223001238282581=300820166093796,MASTERCARD,PURCHASE,495.59,986,BRL,5941,MANUAL,052229,62,Restricted card,DECLINED,594411,936216591438,U,N,ACQ-TESTPOC-001,2026-08-21T13:13:47Z
d7f0243f-23f3-4807-9204-ae4737de61cc,MERCH000008,TERM000023,CARD000167,371449801573999,371449*****3999,Chidi Gonzalez,01/28,1648,371449801573999=280120140858877,AMEX,REFUND,173.51,356,INR,5533,CONTACTLESS,461777,30,Format error,DECLINED,229497,264309544979,Y,N,ACQ-TESTPOC-001,2026-08-16T00:15:45Z
360df243-914f-45c2-b5a1-ff3e8f4d4ae2,MERCH000015,TERM000037,CARD000002,378282556981692,378282*****1692,Robert Singh,05/28,6088,378282556981692=280520135615951,AMEX,PREAUTH,282.11,840,USD,5941,SWIPE,787137,00,Approved,APPROVED,742306,529883220125,Z,M,ACQ-TESTPOC-001,2026-08-30T17:48:32Z
9342b2fa-e94c-40ea-a500-e447538bdea0,MERCH000018,TERM000043,CARD000089,6011110801006231,601111******6231,Elizabeth Smith,12/27,387,6011110801006231=271220150997700,DISCOVER,PREAUTH,689.40,484,MXN,5411,CONTACTLESS,888975,00,Approved,APPROVED,716803,358523860030,A,P,ACQ-TESTPOC-001,2026-09-04T10:43:12Z
c6ab75a0-eae0-47b2-a17b-a24979fe850d,MERCH000008,TERM000025,CARD000331,6011112772881378,601111******1378,David Moore,01/30,519,6011112772881378=300120161159408,DISCOVER,PURCHASE,391.72,978,EUR,5533,MANUAL,239102,00,Approved,APPROVED,674141,929501437483,Y,N,ACQ-TESTPOC-001,2026-09-02T17:05:10Z
e36a2d19-4e99-4121-b6bb-6b10525c2b78,MERCH000001,TERM000004,CARD000241,4242425814876966,424242******6966,Jessica Moore,10/28,276,4242425814876966=281020115396695,VISA,PURCHASE,822.33,484,MXN,5992,CONTACTLESS,022132,00,Approved,APPROVED,123815,767201911166,Y,N,ACQ-TESTPOC-001,2026-09-03T05:16:23Z
11b3831b-6a8d-47a1-bef4-459dae50bfcd,MERCH000006,TERM000016,CARD000062,2223007829114679,222300******4679,Mateus Williams,07/30,251,2223007829114679=300720177852892,MASTERCARD,REFUND,562.80,392,JPY,7011,MANUAL,733930,00,Approved,APPROVED,307874,936653802748,Y,N,ACQ-TESTPOC-001,2026-08-16T12:57:32Z
2ecf72b7-6ae2-4ce5-96ea-70ef99aec3af,MERCH000025,TERM000057,CARD000091,2223006793341011,222300******1011,Priya Moore,07/30,700,2223006793341011=300720121765918,MASTERCARD,REFUND,336.17,986,BRL,5942,CHIP,509522,30,Format error,DECLINED,625290,462093556103,U,P,ACQ-TESTPOC-001,2026-09-02T09:41:59Z
c6102515-4a56-4331-8b32-51805db6fc7f,MERCH000005,TERM000015,CARD000009,30569301627202,305693****7202,Chidi Miller,07/29,755,30569301627202=290720164641708,DINERS,PURCHASE,162.95,036,AUD,5651,SWIPE,585642,00,Approved,APPROVED,222311,041202706159,N,U,ACQ-TESTPOC-001,2026-08-12T08:45:31Z
4ce02dd9-8dfc-4056-9a6e-09a21e841e5c,MERCH000008,TERM000025,CARD000143,4111119333346803,411111******6803,William Okafor,08/27,290,4111119333346803=270820134944665,VISA,PURCHASE,613.59,702,SGD,5533,CONTACTLESS,690632,00,Approved,APPROVED,132626,481554203403,Y,M,ACQ-TESTPOC-001,2026-09-04T06:21:21Z
f5fa0481-0053-4b53-a521-44c3d40b3dd8,MERCH000001,TERM000003,CARD000208,3530116789940530,353011******0530,Susan Okafor,01/27,717,3530116789940530=270120105865094,JCB,VOID,313.91,710,ZAR,5992,CONTACTLESS,915795,14,Invalid card number,DECLINED,390038,462347124760,Y,M,ACQ-TESTPOC-001,2026-08-05T20:23:02Z
74b6141f-5ce4-4684-8e85-a89baf4751ed,MERCH000018,TERM000043,CARD000394,3530118831030328,353011******0328,William Martin,04/29,839,3530118831030328=290420154296184,JCB,REFUND,673.86,702,SGD,5411,CHIP,176417,00,Approved,APPROVED,169737,680808157129,Y,M,ACQ-TESTPOC-001,2026-09-01T19:52:58Z
d7f718e3-fd0e-4b75-bf2b-125f6bcfc5b8,MERCH000011,TERM000031,CARD000238,5555558585424935,555555******4935,Karen Martin,02/28,587,5555558585424935=280220102070160,MASTERCARD,PURCHASE,210.28,978,EUR,5541,ECOM,351045,00,Approved,APPROVED,556473,474362130096,N,P,ACQ-TESTPOC-001,2026-09-03T05:27:58Z
703aa598-2161-4b52-8afd-132d49507c62,MERCH000018,TERM000044,CARD000229,30569350209944,305693****9944,Patricia Brown,02/29,622,30569350209944=290220149998279,DINERS,REFUND,174.67,840,USD,5411,CHIP,533962,00,Approved,APPROVED,862543,746662159183,N,U,ACQ-TESTPOC-001,2026-08-22T13:32:22Z
999a0215-bc45-48b5-9fd5-2c1c00589eee,MERCH000001,TERM000001,CARD000030,30569321047092,305693****7092,William Williams,12/29,456,30569321047092=291220123285884,DINERS,PURCHASE,533.19,392,JPY,5992,MANUAL,110797,00,Approved,APPROVED,698914,714004938819,A,M,ACQ-TESTPOC-001,2026-08-27T23:33:33Z
7fee3631-4022-4221-b65d-a73d6dae6f6b,MERCH000011,TERM000031,CARD000342,4242429433750479,424242******0479,Richard Santos,01/28,614,4242429433750479=280120198728399,VISA,REFUND,519.36,036,AUD,5541,CHIP,949769,00,Approved,APPROVED,554893,731379716698,A,M,ACQ-TESTPOC-001,2026-08-14T09:39:10Z
87d47fff-2ca5-41f0-8e0b-1b00180af8dc,MERCH000014,TERM000035,CARD000051,5555554735977468,555555******7468,Richard Rossi,03/30,924,5555554735977468=300320107581814,MASTERCARD,PURCHASE,408.43,710,ZAR,5651,CHIP,325623,75,PIN tries exceeded,DECLINED,772766,899499197014,N,U,ACQ-TESTPOC-001,2026-09-01T05:28:42Z
fb87a3de-c5f3-4429-95b1-b2acd0694d17,MERCH000022,TERM000052,CARD000014,5555557770143631,555555******3631,Camila Lopez,11/29,788,5555557770143631=291120156855744,MASTERCARD,PURCHASE,717.77,356,INR,5411,CHIP,602041,00,Approved,APPROVED,890890,813599898972,Y,M,ACQ-TESTPOC-001,2026-08-29T21:56:28Z
cebf0e30-9d72-4723-8ee2-da09b102f622,MERCH000015,TERM000037,CARD000375,6011112467474687,601111******4687,Amara Jones,02/30,732,6011112467474687=300220130085766,DISCOVER,REFUND,788.71,036,AUD,5941,CHIP,186448,00,Approved,APPROVED,144955,217588397857,Y,N,ACQ-TESTPOC-001,2026-08-09T18:27:20Z
54c31d03-bdbd-46d9-ac7c-5ff5d4db04c2,MERCH000002,TERM000005,CARD000133,378282586179325,378282*****9325,Robert Martinez,02/30,0541,378282586179325=300220115262181,AMEX,VOID,80.55,986,BRL,5422,CHIP,369149,00,Approved,APPROVED,422816,112879429688,N,U,ACQ-TESTPOC-001,2026-08-19T10:33:30Z
b3202749-44cb-49a3-b693-dfa8b7f3b99e,MERCH000024,TERM000056,CARD000297,5555552466513643,555555******3643,David Rodriguez,11/29,936,5555552466513643=291120131230347,MASTERCARD,PURCHASE,43.47,986,BRL,5422,SWIPE,531419,00,Approved,APPROVED,444095,156078327488,N,P,ACQ-TESTPOC-001,2026-08-05T14:00:06Z
77604d2e-ebab-4dae-a9e9-9afb0221a93c,MERCH000024,TERM000056,CARD000182,378282247314980,378282*****4980,Richard Smith,05/30,0981,378282247314980=300520180635651,AMEX,PURCHASE,569.85,986,BRL,5422,CHIP,409649,54,Expired card,DECLINED,394594,683496047842,Y,U,ACQ-TESTPOC-001,2026-09-01T21:22:09Z
7f78b97b-26e9-46d8-8652-f79816182eb7,MERCH000001,TERM000002,CARD000288,6011111126691210,601111******1210,Amara Miller,04/29,961,6011111126691210=290420136749946,DISCOVER,PURCHASE,493.42,392,JPY,5992,MANUAL,648820,00,Approved,APPROVED,526943,934868839062,A,U,ACQ-TESTPOC-001,2026-08-26T08:35:51Z
28c3c9ce-c1bb-4eb6-bab0-dfba8ea1083d,MERCH000016,TERM000038,CARD000386,4000004098366556,400000******6556,Hiroshi Jackson,09/28,316,4000004098366556=280920108752437,VISA,PURCHASE,530.13,840,USD,5431,CHIP,413193,00,Approved,APPROVED,375125,923613376052,N,M,ACQ-TESTPOC-001,2026-08-19T21:21:24Z
db226a12-378a-4dd2-9c1b-674cb7427997,MERCH000009,TERM000027,CARD000285,4111114955289381,411111******9381,Camila Dubois,02/27,083,4111114955289381=270220134280138,VISA,PURCHASE,19.62,702,SGD,5462,CONTACTLESS,447241,14,Invalid card number,DECLINED,646216,165034409661,Z,U,ACQ-TESTPOC-001,2026-08-20T08:34:39Z
85d2e6c5-1690-44da-bd1b-4c169ef47523,MERCH000024,TERM000055,CARD000396,5555551418186151,555555******6151,Amara Dubois,06/27,423,5555551418186151=270620140163611,MASTERCARD,PREAUTH,640.30,484,MXN,5422,CHIP,880678,00,Approved,APPROVED,152526,141746813592,Z,U,ACQ-TESTPOC-001,2026-08-20T07:15:44Z
cadd5b98-a265-40a4-8a27-b66597de4dea,MERCH000009,TERM000027,CARD000316,30569372260164,305693****0164,Camila Kowalski,06/29,779,30569372260164=290620145232194,DINERS,PURCHASE,828.99,702,SGD,5462,ECOM,987486,61,Exceeds withdrawal amount limit,DECLINED,594774,415594501192,U,N,ACQ-TESTPOC-001,2026-08-14T18:20:09Z
f96e50d2-ad24-4344-b228-5cb885f9c2ca,MERCH000002,TERM000005,CARD000185,5555555190669847,555555******9847,Emma Anderson,03/27,038,5555555190669847=270320143098839,MASTERCARD,PURCHASE,299.22,840,USD,5422,CONTACTLESS,160398,58,Transaction not permitted to terminal,DECLINED,789269,863653621894,A,P,ACQ-TESTPOC-001,2026-08-28T13:00:36Z
e0603287-4a8d-4e7f-80bb-3e342f1a9f35,MERCH000020,TERM000048,CARD000195,3530114722569961,353011******9961,David Hernandez,02/27,355,3530114722569961=270220144964759,JCB,VOID,486.97,986,BRL,5251,CHIP,489420,00,Approved,APPROVED,307565,664896676056,A,N,ACQ-TESTPOC-001,2026-08-21T11:56:59Z
94c642a6-e21c-4c6e-9511-18c24f9e8f9d,MERCH000001,TERM000003,CARD000162,5555553394522888,555555******2888,Linda Dubois,12/29,587,5555553394522888=291220199684608,MASTERCARD,REFUND,758.70,356,INR,5992,CONTACTLESS,453389,00,Approved,APPROVED,030294,623546622654,Y,M,ACQ-TESTPOC-001,2026-08-23T00:28:12Z
00747e96-85a8-40c9-90e7-2da36a038ba3,MERCH000013,TERM000033,CARD000310,371449121513428,371449*****3428,Lucas Santos,12/28,4993,371449121513428=281220190892613,AMEX,PURCHASE,792.20,702,SGD,5941,CHIP,212242,00,Approved,APPROVED,799053,767746259160,Y,M,ACQ-TESTPOC-001,2026-08-17T00:45:01Z
13950dba-14a7-49a5-a233-ea875b2ac4e1,MERCH000006,TERM000017,CARD000364,4000003248413763,400000******3763,John Dubois,06/27,185,4000003248413763=270620167243807,VISA,PURCHASE,693.18,356,INR,7011,SWIPE,860080,91,Issuer or switch inoperative,DECLINED,113610,798677823129,U,P,ACQ-TESTPOC-001,2026-09-02T09:36:02Z
7fbf763f-0a51-4307-90e1-fd7594823a28,MERCH000015,TERM000037,CARD000140,378282065307454,378282*****7454,Karen Martinez,06/27,4713,378282065307454=270620124754691,AMEX,PURCHASE,543.17,826,GBP,5941,CHIP,212038,30,Format error,DECLINED,263432,375365968078,A,N,ACQ-TESTPOC-001,2026-08-22T07:14:34Z
c6c51bc3-9739-4a8f-a0ab-fde7e23b40fb,MERCH000012,TERM000032,CARD000264,6011111137995634,601111******5634,Linda Hernandez,04/29,313,6011111137995634=290420163631797,DISCOVER,REFUND,638.75,702,SGD,5511,CONTACTLESS,454006,00,Approved,APPROVED,266825,454752311232,Z,P,ACQ-TESTPOC-001,2026-08-31T02:51:53Z
c1ec7b21-7bd4-4494-85d7-2cbb526b13f7,MERCH000025,TERM000057,CARD000350,3530114652170731,353011******0731,Joseph Singh,11/27,379,3530114652170731=271120133756362,JCB,VOID,373.19,710,ZAR,5942,CONTACTLESS,334272,91,Issuer or switch inoperative,DECLINED,032196,388621750801,U,U,ACQ-TESTPOC-001,2026-08-05T16:13:08Z
236a59f2-45e8-4f16-85e8-fc5e5671c167,MERCH000008,TERM000022,CARD000131,6011119539264426,601111******4426,James Singh,12/28,969,6011119539264426=281220102959391,DISCOVER,PURCHASE,845.19,484,MXN,5533,CONTACTLESS,882493,00,Approved,APPROVED,347103,340018167784,U,M,ACQ-TESTPOC-001,2026-08-25T13:19:48Z
e43717a1-c557-47cf-93a7-ff06d300530d,MERCH000014,TERM000035,CARD000089,6011110801006231,601111******6231,Elizabeth Smith,12/27,387,6011110801006231=271220150997700,DISCOVER,PURCHASE,223.14,392,JPY,5651,CHIP,838517,00,Approved,APPROVED,632047,937810539128,Z,P,ACQ-TESTPOC-001,2026-08-28T03:43:02Z
d326d519-eb4a-41a5-ba9b-1077b25b0ef9,MERCH000018,TERM000044,CARD000319,371449933496051,371449*****6051,Omar Wilson,02/27,7998,371449933496051=270220140767899,AMEX,VOID,752.19,826,GBP,5411,ECOM,904579,00,Approved,APPROVED,737230,271472463019,U,U,ACQ-TESTPOC-001,2026-08-17T17:32:23Z
c6826684-3655-42cf-89a4-3a4648094f54,MERCH000023,TERM000054,CARD000090,6011116008484089,601111******4089,Michael Kim,03/30,182,6011116008484089=300320133984546,DISCOVER,PURCHASE,193.20,986,BRL,5812,CHIP,833912,43,Stolen card,DECLINED,118205,870629328809,U,N,ACQ-TESTPOC-001,2026-08-28T07:02:47Z
246672c9-b215-435b-bfdc-e40bc2096474,MERCH000006,TERM000016,CARD000063,4111116801824220,411111******4220,Joseph Lopez,12/29,841,4111116801824220=291220143842498,VISA,PREAUTH,14.82,840,USD,7011,SWIPE,676610,00,Approved,APPROVED,954246,089876108143,A,U,ACQ-TESTPOC-001,2026-09-04T08:59:49Z
516917c2-d325-4875-8a03-c64113ddcf1b,MERCH000003,TERM000007,CARD000032,30569337098592,305693****8592,John Okafor,11/28,746,30569337098592=281120112004711,DINERS,PREAUTH,552.74,392,JPY,5511,CHIP,980746,00,Approved,APPROVED,821075,823546951003,Y,U,ACQ-TESTPOC-001,2026-08-06T12:44:03Z
6a4fd070-fe20-447c-8b4d-c686f8a334f3,MERCH000025,TERM000057,CARD000094,378282296194317,378282*****4317,Elizabeth Gonzalez,05/27,2655,378282296194317=270520111047541,AMEX,REFUND,809.67,392,JPY,5942,CONTACTLESS,715006,00,Approved,APPROVED,453876,664110654113,A,M,ACQ-TESTPOC-001,2026-09-05T00:07:08Z
a4f15cdb-1750-40c9-b446-60d6aca518a3,MERCH000015,TERM000037,CARD000052,4111114782613753,411111******3753,Patricia Gonzalez,07/27,853,4111114782613753=270720161530515,VISA,PURCHASE,656.79,036,AUD,5941,CHIP,890583,61,Exceeds withdrawal amount limit,DECLINED,450779,683482689996,N,U,ACQ-TESTPOC-001,2026-08-23T16:07:01Z
ceddbf9a-0567-4971-ac19-11b5253d69e6,MERCH000020,TERM000049,CARD000008,2223004668893737,222300******3737,Emma Smith,07/29,656,2223004668893737=290720127298069,MASTERCARD,REFUND,763.15,356,INR,5251,CHIP,787915,00,Approved,APPROVED,032122,596257197609,N,N,ACQ-TESTPOC-001,2026-08-20T04:25:33Z
2ea9207f-21ff-47ac-a494-615680c1ed28,MERCH000001,TERM000001,CARD000068,378282098358417,378282*****8417,Liam Dubois,09/30,8499,378282098358417=300920112165585,AMEX,REFUND,444.16,986,BRL,5992,MANUAL,260418,00,Approved,APPROVED,896302,095217558517,Z,U,ACQ-TESTPOC-001,2026-08-22T13:11:38Z
46184d2f-a0ed-4c40-882c-a2ce9c4deccc,MERCH000010,TERM000030,CARD000047,4000007935978202,400000******8202,Amara Singh,02/30,182,4000007935978202=300220103778892,VISA,PURCHASE,157.96,484,MXN,5422,CHIP,882419,00,Approved,APPROVED,747393,962642229758,U,M,ACQ-TESTPOC-001,2026-08-14T12:51:29Z
5b6be203-7a8c-45f9-b335-889b12bcbe3e,MERCH000015,TERM000037,CARD000363,3530117779014757,353011******4757,Sakura Santos,07/29,263,3530117779014757=290720129676291,JCB,REFUND,90.35,826,GBP,5941,CONTACTLESS,457056,00,Approved,APPROVED,817367,820922570900,Y,U,ACQ-TESTPOC-001,2026-08-08T03:13:14Z
731868ef-852f-47c2-b163-8edd18ed38fa,MERCH000008,TERM000024,CARD000210,4111112868528978,411111******8978,Ava Hernandez,06/29,566,4111112868528978=290620159398368,VISA,VOID,237.40,826,GBP,5533,CONTACTLESS,282895,00,Approved,APPROVED,930531,400178822473,Y,N,ACQ-TESTPOC-001,2026-08-28T10:30:50Z
298423c0-e202-4585-bfb2-ffa8c97cfc08,MERCH000014,TERM000034,CARD000200,30569338944844,305693****4844,John Garcia,04/30,241,30569338944844=300420179749735,DINERS,PURCHASE,6.30,392,JPY,5651,CHIP,580119,30,Format error,DECLINED,389862,092711526105,N,U,ACQ-TESTPOC-001,2026-08-05T18:00:01Z
d3aa3b88-5293-4027-93a0-5cbc27089245,MERCH000002,TERM000005,CARD000103,4000003341918254,400000******8254,Olivia Brown,04/29,478,4000003341918254=290420159696915,VISA,PURCHASE,267.51,484,MXN,5422,CHIP,741894,41,Lost card,DECLINED,589063,543298769893,Z,P,ACQ-TESTPOC-001,2026-09-04T10:30:56Z
ba30f78f-707e-4c2d-866c-37b7e269bb8a,MERCH000005,TERM000014,CARD000143,4111119333346803,411111******6803,William Okafor,08/27,290,4111119333346803=270820134944665,VISA,REFUND,75.79,702,SGD,5651,MANUAL,827348,00,Approved,APPROVED,086656,310450258963,N,M,ACQ-TESTPOC-001,2026-08-05T20:10:53Z
3f598f35-2c5c-4352-9fcd-b4937346bb60,MERCH000015,TERM000037,CARD000110,4242428636374541,424242******4541,Mateus Jones,09/29,975,4242428636374541=290920100170127,VISA,PURCHASE,287.45,124,CAD,5941,CONTACTLESS,806486,00,Approved,APPROVED,040808,673983448838,A,N,ACQ-TESTPOC-001,2026-08-07T12:36:32Z
da3f9ff4-e603-46b5-9aba-1884a404f6c8,MERCH000011,TERM000031,CARD000196,371449622023414,371449*****3414,Arjun Brown,03/28,1178,371449622023414=280320100681149,AMEX,PURCHASE,459.62,826,GBP,5541,CONTACTLESS,077406,00,Approved,APPROVED,377598,795515623920,U,M,ACQ-TESTPOC-001,2026-08-06T15:05:41Z
874b9b4e-09e3-4200-8dad-3f7a5b1a915b,MERCH000018,TERM000044,CARD000393,4111111840118452,411111******8452,James Davis,07/28,408,4111111840118452=280720148729758,VISA,PREAUTH,621.30,036,AUD,5411,SWIPE,131117,00,Approved,APPROVED,816745,861902547602,N,M,ACQ-TESTPOC-001,2026-08-26T08:57:29Z
56a9dced-23b5-4590-bc61-f08d25876353,MERCH000013,TERM000033,CARD000120,6011110617445185,601111******5185,Yuki Miller,01/30,494,6011110617445185=300120193759738,DISCOVER,PREAUTH,759.13,840,USD,5941,CHIP,275950,00,Approved,APPROVED,011089,260151532594,Z,P,ACQ-TESTPOC-001,2026-08-26T03:15:55Z
6bad1c95-32fb-46d1-b944-98efa7f55b70,MERCH000002,TERM000005,CARD000145,4111118309652079,411111******2079,Fatima Gonzalez,05/29,609,4111118309652079=290520193538758,VISA,PURCHASE,718.00,124,CAD,5422,SWIPE,805950,00,Approved,APPROVED,957827,310064934039,Y,M,ACQ-TESTPOC-001,2026-09-03T20:53:12Z
f0261c16-402a-4762-a572-8ddc755678b8,MERCH000009,TERM000027,CARD000065,5555556471027671,555555******7671,Amara Martin,04/30,255,5555556471027671=300420156258815,MASTERCARD,VOID,520.23,356,INR,5462,CONTACTLESS,118491,00,Approved,APPROVED,232135,599285535952,Y,P,ACQ-TESTPOC-001,2026-08-06T10:03:47Z
11a47df3-2269-40e6-97aa-bcc47970bba1,MERCH000013,TERM000033,CARD000018,4000009133412323,400000******2323,James Wilson,03/27,797,4000009133412323=270320140344713,VISA,PURCHASE,547.86,840,USD,5941,SWIPE,680186,65,Exceeds withdrawal frequency limit,DECLINED,751964,774037842339,A,P,ACQ-TESTPOC-001,2026-09-03T22:28:24Z
70d74ba1-350a-445e-b1f7-126fea31dc28,MERCH000019,TERM000047,CARD000192,3530115527636558,353011******6558,Liam Garcia,05/30,929,3530115527636558=300520131438663,JCB,VOID,321.05,710,ZAR,4814,MANUAL,255032,00,Approved,APPROVED,663626,501736542624,Y,U,ACQ-TESTPOC-001,2026-08-09T04:59:00Z
7a8feeba-ed11-4fcb-9b22-c3003b35c259,MERCH000018,TERM000044,CARD000095,4242422678886108,424242******6108,Ava Williams,06/27,995,4242422678886108=270620160466183,VISA,PURCHASE,597.39,484,MXN,5411,CHIP,345110,00,Approved,APPROVED,773040,090605308868,A,N,ACQ-TESTPOC-001,2026-08-18T10:19:49Z
061babba-3185-4c4d-8464-871d8d10ced9,MERCH000001,TERM000002,CARD000060,5105103102786816,510510******6816,Liam Miller,05/29,947,5105103102786816=290520131217271,MASTERCARD,PURCHASE,524.21,826,GBP,5992,CONTACTLESS,575988,00,Approved,APPROVED,473062,592129964260,N,N,ACQ-TESTPOC-001,2026-09-02T23:34:32Z
00a37e07-3e08-477a-a1ad-071effea44ad,MERCH000014,TERM000036,CARD000092,5555553974014892,555555******4892,Chidi Smith,03/27,392,5555553974014892=270320161429396,MASTERCARD,PURCHASE,301.31,392,JPY,5651,CHIP,477092,00,Approved,APPROVED,001150,711523802362,Y,N,ACQ-TESTPOC-001,2026-08-11T11:03:16Z
80fc8bc3-c6c3-4d02-b64c-7f1db2aa25ca,MERCH000003,TERM000007,CARD000269,378282498931953,378282*****1953,Yuki Andersson,09/27,0165,378282498931953=270920179055281,AMEX,PURCHASE,4.63,702,SGD,5511,SWIPE,161186,61,Exceeds withdrawal amount limit,DECLINED,221706,855881959772,Y,U,ACQ-TESTPOC-001,2026-08-11T08:26:24Z
045230ef-dade-49df-9408-c49a8f3665d4,MERCH000018,TERM000043,CARD000363,3530117779014757,353011******4757,Sakura Santos,07/29,263,3530117779014757=290720129676291,JCB,PURCHASE,513.69,702,SGD,5411,CHIP,869289,00,Approved,APPROVED,502888,284540182272,Y,M,ACQ-TESTPOC-001,2026-09-04T01:01:45Z
5b0f500c-de34-48cd-a9fa-b21e092c5f89,MERCH000006,TERM000016,CARD000315,5555558649081085,555555******1085,Omar Wilson,09/27,179,5555558649081085=270920145491801,MASTERCARD,PURCHASE,115.84,124,CAD,7011,CHIP,414474,62,Restricted card,DECLINED,686642,328116599302,Y,N,ACQ-TESTPOC-001,2026-08-26T18:51:20Z
7c01419c-dc47-4c09-9743-c2b924242e96,MERCH000002,TERM000005,CARD000026,371449026217455,371449*****7455,Jennifer Muller,11/30,5865,371449026217455=301120178091343,AMEX,PURCHASE,111.87,826,GBP,5422,CONTACTLESS,521353,00,Approved,APPROVED,043441,281650646300,A,N,ACQ-TESTPOC-001,2026-08-27T13:15:51Z
9bdbff7b-7280-4806-a53a-cad7893fa6c0,MERCH000015,TERM000037,CARD000236,5555555784521826,555555******1826,Robert Anderson,12/28,681,5555555784521826=281220104091570,MASTERCARD,VOID,191.38,356,INR,5941,CHIP,029161,00,Approved,APPROVED,492491,469029831043,U,P,ACQ-TESTPOC-001,2026-08-24T23:02:23Z
1d8b4de4-cc9f-4f22-83d1-e2c690022e71,MERCH000003,TERM000007,CARD000201,4111110802144274,411111******4274,Jennifer Jones,04/27,073,4111110802144274=270420156475705,VISA,PURCHASE,798.11,124,CAD,5511,CONTACTLESS,080568,41,Lost card,DECLINED,927778,566706362198,Z,P,ACQ-TESTPOC-001,2026-08-31T07:23:55Z
93245bc8-87ea-4968-bb99-a4f4c8b1c4bf,MERCH000012,TERM000032,CARD000156,30569389935881,305693****5881,Jessica Thomas,07/27,562,30569389935881=270720189002877,DINERS,PURCHASE,557.97,036,AUD,5511,CONTACTLESS,634933,14,Invalid card number,DECLINED,595122,650496273226,N,U,ACQ-TESTPOC-001,2026-08-18T02:10:12Z
f301a075-ff09-4a45-a1de-d0fc96a34ee5,MERCH000004,TERM000008,CARD000152,3530111411739343,353011******9343,Fatima Martinez,06/28,208,3530111411739343=280620173753001,JCB,VOID,117.69,986,BRL,5941,ECOM,585421,30,Format error,DECLINED,712169,880879919623,A,M,ACQ-TESTPOC-001,2026-08-06T07:43:47Z
25e166c7-97ea-4e25-8132-0123ee9a85fb,MERCH000022,TERM000052,CARD000135,371449205061492,371449*****1492,Michael Smith,04/30,3241,371449205061492=300420171467741,AMEX,PURCHASE,612.42,826,GBP,5411,CONTACTLESS,250583,41,Lost card,DECLINED,235838,343031158760,A,P,ACQ-TESTPOC-001,2026-08-29T05:24:39Z
f642389f-b627-4ea1-a873-a9ca0ed0d8fe,MERCH000012,TERM000032,CARD000399,6011113414651112,601111******1112,David Jackson,02/28,014,6011113414651112=280220187068277,DISCOVER,VOID,424.97,036,AUD,5511,CONTACTLESS,694535,00,Approved,APPROVED,251583,659746698616,N,P,ACQ-TESTPOC-001,2026-08-12T23:01:16Z
d4ed6cb7-7387-4a7b-8759-f5ef346e1e95,MERCH000005,TERM000012,CARD000091,2223006793341011,222300******1011,Priya Moore,07/30,700,2223006793341011=300720121765918,MASTERCARD,VOID,487.21,840,USD,5651,SWIPE,481526,00,Approved,APPROVED,624893,255966472130,Z,P,ACQ-TESTPOC-001,2026-08-26T02:36:59Z
366f2368-79ed-4484-a4d4-cb11dff2b14c,MERCH000005,TERM000013,CARD000189,378282518275530,378282*****5530,Richard Thomas,03/29,3334,378282518275530=290320133339521,AMEX,VOID,105.04,756,CHF,5651,CONTACTLESS,048933,00,Approved,APPROVED,831141,261454307963,Z,N,ACQ-TESTPOC-001,2026-08-11T13:22:53Z
5766934a-399a-4016-bed6-4d6e42ba354d,MERCH000004,TERM000008,CARD000016,6011112400842719,601111******2719,Charles Thomas,10/27,775,6011112400842719=271020120471167,DISCOVER,PURCHASE,698.84,356,INR,5941,CHIP,115871,00,Approved,APPROVED,960653,845235426874,A,U,ACQ-TESTPOC-001,2026-08-18T15:16:14Z
839b5fcc-7cff-47c6-87be-b9dddf64384e,MERCH000002,TERM000005,CARD000255,6011116391741012,601111******1012,Thomas Dubois,10/27,707,6011116391741012=271020120064256,DISCOVER,REFUND,22.49,986,BRL,5422,CONTACTLESS,523777,00,Approved,APPROVED,138471,966563370140,Y,P,ACQ-TESTPOC-001,2026-08-29T15:49:05Z
0062e62d-bdd0-4858-a05d-44c14a4b8692,MERCH000005,TERM000015,CARD000275,4111117520885476,411111******5476,Elizabeth Rossi,10/29,975,4111117520885476=291020117028140,VISA,PURCHASE,441.75,986,BRL,5651,CHIP,027221,00,Approved,APPROVED,324207,257316094391,N,U,ACQ-TESTPOC-001,2026-09-03T11:00:01Z
15a0773e-b69e-473c-b5f0-8d86b77479ae,MERCH000017,TERM000042,CARD000356,3530115677665753,353011******5753,Mary Garcia,07/29,734,3530115677665753=290720115148881,JCB,REFUND,169.20,978,EUR,5812,CONTACTLESS,528620,00,Approved,APPROVED,630123,297352595332,N,N,ACQ-TESTPOC-001,2026-09-02T20:49:02Z
3ca2bbec-7876-4825-b2cc-f3804e1d96d7,MERCH000021,TERM000051,CARD000117,378282179904212,378282*****4212,William Singh,12/27,0275,378282179904212=271220188425241,AMEX,PURCHASE,148.99,484,MXN,5431,CONTACTLESS,735323,00,Approved,APPROVED,443785,618507610870,U,N,ACQ-TESTPOC-001,2026-08-13T16:47:03Z
8631b178-1fc7-4a57-9d65-e52055e3a24b,MERCH000013,TERM000033,CARD000062,2223007829114679,222300******4679,Mateus Williams,07/30,251,2223007829114679=300720177852892,MASTERCARD,PURCHASE,324.58,124,CAD,5941,CHIP,712615,43,Stolen card,DECLINED,676128,838821764846,Z,N,ACQ-TESTPOC-001,2026-08-11T19:08:50Z
cfc5d9f9-cc5c-471e-bbf0-ea85dd0bc4b4,MERCH000011,TERM000031,CARD000386,4000004098366556,400000******6556,Hiroshi Jackson,09/28,316,4000004098366556=280920108752437,VISA,PURCHASE,834.85,124,CAD,5541,CHIP,280194,91,Issuer or switch inoperative,DECLINED,266082,258922256062,U,P,ACQ-TESTPOC-001,2026-08-28T07:50:47Z
3cb568b3-6cf3-4672-8dff-810b2b35d710,MERCH000007,TERM000020,CARD000336,4111114224124625,411111******4625,Chidi Garcia,10/27,004,4111114224124625=271020161526546,VISA,VOID,407.49,702,SGD,5462,CHIP,118046,58,Transaction not permitted to terminal,DECLINED,716884,741307538418,A,N,ACQ-TESTPOC-001,2026-09-03T23:44:07Z
cb425ebf-bde2-400e-93db-45db293dcfdd,MERCH000001,TERM000001,CARD000113,4000009275326976,400000******6976,Michael Jones,02/28,196,4000009275326976=280220156523413,VISA,PREAUTH,667.08,356,INR,5992,CONTACTLESS,397561,00,Approved,APPROVED,329075,470554912151,Z,P,ACQ-TESTPOC-001,2026-08-11T23:48:35Z
548ae15d-14e4-468c-8925-59959efe6d6f,MERCH000003,TERM000006,CARD000290,5105109911877340,510510******7340,Lucas Rodriguez,08/30,858,5105109911877340=300820180061675,MASTERCARD,PREAUTH,484.57,840,USD,5511,CHIP,969395,00,Approved,APPROVED,472760,875207020426,N,M,ACQ-TESTPOC-001,2026-08-11T14:38:39Z
315d3383-51ef-4f6b-93e9-36dd306b5713,MERCH000003,TERM000007,CARD000050,6011118059296222,601111******6222,Sakura Rossi,12/28,270,6011118059296222=281220165379473,DISCOVER,REFUND,799.74,978,EUR,5511,CHIP,696789,00,Approved,APPROVED,678707,760987312677,N,M,ACQ-TESTPOC-001,2026-08-31T12:17:55Z
9e917ce5-bbc2-4356-bd0c-63718b8bd41e,MERCH000020,TERM000048,CARD000068,378282098358417,378282*****8417,Liam Dubois,09/30,8499,378282098358417=300920112165585,AMEX,PREAUTH,815.31,710,ZAR,5251,SWIPE,889786,12,Invalid transaction,DECLINED,369535,339431916543,Y,P,ACQ-TESTPOC-001,2026-08-21T15:35:17Z
771eaf2c-bebf-43e8-9e44-587d237f225f,MERCH000006,TERM000016,CARD000064,6011112992299591,601111******9591,Jennifer Johnson,01/27,943,6011112992299591=270120196907844,DISCOVER,VOID,716.00,392,JPY,7011,CONTACTLESS,764497,00,Approved,APPROVED,838379,470002687644,U,U,ACQ-TESTPOC-001,2026-09-01T10:49:53Z
94050882-c8de-49a1-b508-cb9a09d17a29,MERCH000016,TERM000039,CARD000153,3530117218114374,353011******4374,Olivia Johnson,05/29,120,3530117218114374=290520145561100,JCB,PURCHASE,357.40,978,EUR,5431,CONTACTLESS,560450,62,Restricted card,DECLINED,024173,635537309649,Z,N,ACQ-TESTPOC-001,2026-08-17T21:22:32Z
37583da3-9f13-4882-a816-06275175aa0a,MERCH000015,TERM000037,CARD000041,371449525459913,371449*****9913,David Dubois,03/27,9014,371449525459913=270320176797643,AMEX,PURCHASE,591.86,484,MXN,5941,CONTACTLESS,305970,00,Approved,APPROVED,187953,551282763643,Y,P,ACQ-TESTPOC-001,2026-09-01T15:23:19Z
ebf714af-b2e3-4b16-b962-8401c8159dc9,MERCH000020,TERM000049,CARD000269,378282498931953,378282*****1953,Yuki Andersson,09/27,0165,378282498931953=270920179055281,AMEX,PURCHASE,335.06,484,MXN,5251,CONTACTLESS,634544,12,Invalid transaction,DECLINED,781534,344149169993,U,N,ACQ-TESTPOC-001,2026-08-16T18:06:24Z
29fadcac-f128-49ad-97c0-24e3292438f3,MERCH000023,TERM000054,CARD000142,5555554578610358,555555******0358,Liam Garcia,10/30,798,5555554578610358=301020155241406,MASTERCARD,PURCHASE,745.64,036,AUD,5812,CHIP,882230,00,Approved,APPROVED,622142,586297398894,Y,N,ACQ-TESTPOC-001,2026-08-17T21:41:46Z
f89140e3-056e-4085-8650-72aa3f714116,MERCH000006,TERM000016,CARD000005,3530111769367630,353011******7630,James Andersson,11/28,163,3530111769367630=281120128708317,JCB,PURCHASE,98.76,826,GBP,7011,MANUAL,075485,00,Approved,APPROVED,202077,465579220300,A,P,ACQ-TESTPOC-001,2026-08-07T17:31:52Z
afdcaa8c-ab55-4dae-9df3-83ac5029712d,MERCH000019,TERM000046,CARD000156,30569389935881,305693****5881,Jessica Thomas,07/27,562,30569389935881=270720189002877,DINERS,PURCHASE,47.36,484,MXN,4814,CHIP,512137,00,Approved,APPROVED,349509,658963595708,Z,M,ACQ-TESTPOC-001,2026-08-24T09:50:14Z
13c06907-0576-4daa-a0ab-5c8510983d53,MERCH000019,TERM000047,CARD000112,5555558700516276,555555******6276,Priya Williams,04/27,115,5555558700516276=270420154262218,MASTERCARD,PREAUTH,161.59,036,AUD,4814,CONTACTLESS,663113,00,Approved,APPROVED,979945,885034236220,N,N,ACQ-TESTPOC-001,2026-08-06T09:43:15Z
2396a464-1e81-47d7-81fe-7fef72b12bba,MERCH000010,TERM000029,CARD000150,2223006257532600,222300******2600,William Miller,04/28,098,2223006257532600=280420121506489,MASTERCARD,PREAUTH,256.77,840,USD,5422,CONTACTLESS,968680,00,Approved,APPROVED,034256,852946902177,A,M,ACQ-TESTPOC-001,2026-08-31T03:33:47Z
42028722-52ae-4aac-89d2-1d4505fb3dc0,MERCH000015,TERM000037,CARD000097,4242422406596573,424242******6573,Hiroshi Jones,07/29,459,4242422406596573=290720137526547,VISA,VOID,194.90,826,GBP,5941,MANUAL,502289,00,Approved,APPROVED,990191,466527523328,N,N,ACQ-TESTPOC-001,2026-09-04T02:46:07Z
af4dfe68-0ef7-4010-b124-90a58b12b6b7,MERCH000001,TERM000002,CARD000009,30569301627202,305693****7202,Chidi Miller,07/29,755,30569301627202=290720164641708,DINERS,PURCHASE,174.55,124,CAD,5992,CHIP,033467,96,System malfunction,DECLINED,462393,116750762799,A,P,ACQ-TESTPOC-001,2026-09-01T01:34:24Z
2c8298d3-d861-4b12-b97f-414ce801601f,MERCH000008,TERM000022,CARD000089,6011110801006231,601111******6231,Elizabeth Smith,12/27,387,6011110801006231=271220150997700,DISCOVER,PREAUTH,773.79,826,GBP,5533,SWIPE,847230,00,Approved,APPROVED,227315,420284719017,N,N,ACQ-TESTPOC-001,2026-08-27T15:36:47Z
c35c2fff-ca4e-4469-868b-cfccc353c95e,MERCH000022,TERM000052,CARD000150,2223006257532600,222300******2600,William Miller,04/28,098,2223006257532600=280420121506489,MASTERCARD,VOID,352.14,702,SGD,5411,CONTACTLESS,871775,41,Lost card,DECLINED,864907,461992406583,U,U,ACQ-TESTPOC-001,2026-09-04T00:56:32Z
6222cee2-c5da-44f6-8c91-fdf5e8d208df,MERCH000005,TERM000015,CARD000323,371449455084285,371449*****4285,Patricia Kim,12/27,7711,371449455084285=271220199180812,AMEX,REFUND,133.06,826,GBP,5651,CHIP,956684,62,Restricted card,DECLINED,747227,482373379121,N,M,ACQ-TESTPOC-001,2026-09-01T01:27:05Z
55b74831-da87-4d0a-8b76-b73a7a33e0d2,MERCH000003,TERM000006,CARD000062,2223007829114679,222300******4679,Mateus Williams,07/30,251,2223007829114679=300720177852892,MASTERCARD,REFUND,835.16,392,JPY,5511,CONTACTLESS,901707,00,Approved,APPROVED,305500,039251999452,U,P,ACQ-TESTPOC-001,2026-08-19T21:27:58Z
f1f8ea75-c09e-4b26-9a1b-e9fa209913b1,MERCH000024,TERM000055,CARD000253,5105104300910935,510510******0935,Linda Williams,12/27,926,5105104300910935=271220192124471,MASTERCARD,PURCHASE,636.42,756,CHF,5422,CHIP,872205,61,Exceeds withdrawal amount limit,DECLINED,898792,422162654963,N,M,ACQ-TESTPOC-001,2026-09-02T06:48:51Z
753c573c-e17c-4ab2-b9b7-32e07b6d0e15,MERCH000023,TERM000053,CARD000104,371449924991250,371449*****1250,Karen Brown,04/27,2528,371449924991250=270420166929662,AMEX,VOID,259.72,840,USD,5812,SWIPE,789950,57,Transaction not permitted to cardholder,DECLINED,284124,702059685195,N,U,ACQ-TESTPOC-001,2026-08-27T02:40:32Z
32685efc-1eaa-4395-84ce-89610ea9a1e3,MERCH000016,TERM000039,CARD000320,371449308069582,371449*****9582,Fatima Andersson,05/27,7179,371449308069582=270520157602437,AMEX,REFUND,136.80,124,CAD,5431,ECOM,563427,00,Approved,APPROVED,966034,775225920616,A,M,ACQ-TESTPOC-001,2026-08-14T06:34:33Z
c5faa0ef-1b64-4f96-9cac-a2d32f1e40d4,MERCH000005,TERM000013,CARD000015,5555551351823372,555555******3372,Camila Dubois,12/29,894,5555551351823372=291220113435240,MASTERCARD,PURCHASE,504.06,826,GBP,5651,CHIP,563029,62,Restricted card,DECLINED,333180,596363726294,N,M,ACQ-TESTPOC-001,2026-08-16T00:23:14Z
dabacf2f-ad9b-417e-8993-ade66b2279f0,MERCH000014,TERM000035,CARD000039,30569360494510,305693****4510,Noah Davis,03/28,158,30569360494510=280320151493689,DINERS,PURCHASE,568.83,986,BRL,5651,CHIP,331380,00,Approved,APPROVED,045727,498321122121,A,P,ACQ-TESTPOC-001,2026-08-25T14:43:21Z
229de9e6-5306-4fff-b9be-578cf4977730,MERCH000017,TERM000042,CARD000058,2223001154479625,222300******9625,Liam Johnson,06/30,596,2223001154479625=300620140165820,MASTERCARD,PURCHASE,355.17,356,INR,5812,CONTACTLESS,401918,57,Transaction not permitted to cardholder,DECLINED,342587,488064420062,U,U,ACQ-TESTPOC-001,2026-08-14T00:25:51Z
d0981211-62ba-4497-810f-b444870ff102,MERCH000015,TERM000037,CARD000126,378282706625322,378282*****5322,Liam Andersson,05/29,2099,378282706625322=290520193476870,AMEX,PURCHASE,542.50,756,CHF,5941,MANUAL,641962,14,Invalid card number,DECLINED,228287,421926221320,A,M,ACQ-TESTPOC-001,2026-08-10T01:26:40Z
596144ed-7b3a-475d-9361-08ad5b3480bd,MERCH000002,TERM000005,CARD000084,5105100892687055,510510******7055,Chidi Singh,09/30,662,5105100892687055=300920146287334,MASTERCARD,PURCHASE,239.91,978,EUR,5422,SWIPE,911797,30,Format error,DECLINED,160876,699994981283,Y,M,ACQ-TESTPOC-001,2026-08-17T03:25:47Z
bd9da1aa-aaa8-4a45-a5fc-d284bcb04ba9,MERCH000002,TERM000005,CARD000222,30569342312202,305693****2202,Mateus Martin,10/29,393,30569342312202=291020130517289,DINERS,PURCHASE,600.59,826,GBP,5422,CHIP,532853,00,Approved,APPROVED,570395,631050524383,U,M,ACQ-TESTPOC-001,2026-08-22T22:58:13Z
5293ef3a-0859-486c-9b17-d71a3f54d0bb,MERCH000012,TERM000032,CARD000214,5555552067998136,555555******8136,Arjun Jones,05/30,251,5555552067998136=300520179086416,MASTERCARD,PURCHASE,54.02,484,MXN,5511,CONTACTLESS,862763,14,Invalid card number,DECLINED,899462,328389633761,U,P,ACQ-TESTPOC-001,2026-08-09T16:49:18Z
8aa9d412-064a-4073-a330-dbb33177eb1f,MERCH000021,TERM000050,CARD000324,4242423524787128,424242******7128,William Brown,06/29,376,4242423524787128=290620103754821,VISA,PURCHASE,151.30,756,CHF,5431,CHIP,368410,12,Invalid transaction,DECLINED,077998,328233921883,A,N,ACQ-TESTPOC-001,2026-08-05T18:01:09Z
35f8e63b-d319-48de-a5be-fad7b9b48768,MERCH000015,TERM000037,CARD000271,6011118479513719,601111******3719,Barbara Martinez,07/27,112,6011118479513719=270720141272380,DISCOVER,PURCHASE,17.80,702,SGD,5941,CONTACTLESS,610659,05,Do not honor,DECLINED,175162,088143192797,Z,M,ACQ-TESTPOC-001,2026-08-21T01:14:12Z
3bdbe190-e0a2-44dd-8b8f-9f0b50a6fa3a,MERCH000015,TERM000037,CARD000181,3530119088117297,353011******7297,Omar Taylor,11/27,650,3530119088117297=271120186376599,JCB,PURCHASE,460.32,124,CAD,5941,CONTACTLESS,720266,00,Approved,APPROVED,386546,686295912573,A,N,ACQ-TESTPOC-001,2026-08-17T22:22:06Z
4a01deb6-2e6b-4fbd-ace0-285b087452a2,MERCH000011,TERM000031,CARD000115,2223002696582710,222300******2710,John Smith,10/27,430,2223002696582710=271020106848666,MASTERCARD,PREAUTH,649.63,840,USD,5541,CONTACTLESS,299074,00,Approved,APPROVED,657878,729669417996,Z,M,ACQ-TESTPOC-001,2026-08-17T03:17:33Z
ce29519f-3c1a-437b-9fb5-3a852c3ab0cf,MERCH000018,TERM000043,CARD000284,371449603108903,371449*****8903,Thomas Johnson,02/30,1401,371449603108903=300220119393250,AMEX,PURCHASE,217.42,710,ZAR,5411,ECOM,994641,00,Approved,APPROVED,999930,839841673478,A,N,ACQ-TESTPOC-001,2026-08-10T16:30:41Z
baa6c439-7d5b-4054-b5a3-3611b5cc3293,MERCH000013,TERM000033,CARD000195,3530114722569961,353011******9961,David Hernandez,02/27,355,3530114722569961=270220144964759,JCB,REFUND,9.38,392,JPY,5941,CHIP,860521,00,Approved,APPROVED,876288,026270664890,Y,N,ACQ-TESTPOC-001,2026-08-26T17:25:59Z
e61c0887-b9f6-47a6-a709-187a052ee279,MERCH000009,TERM000027,CARD000184,2223006213721388,222300******1388,Ava Martin,06/30,026,2223006213721388=300620101279611,MASTERCARD,PURCHASE,487.59,356,INR,5462,MANUAL,057488,00,Approved,APPROVED,248471,997418563027,A,M,ACQ-TESTPOC-001,2026-08-20T08:10:46Z
e185ba47-a0cd-4fe3-906d-f767566a8fb4,MERCH000002,TERM000005,CARD000109,2223003672946671,222300******6671,Jennifer Gonzalez,11/27,845,2223003672946671=271120177590175,MASTERCARD,REFUND,343.40,986,BRL,5422,MANUAL,953056,00,Approved,APPROVED,307006,184937846790,U,U,ACQ-TESTPOC-001,2026-09-03T14:37:14Z
bb9c81b2-dba0-4598-b0af-9dec53d26b84,MERCH000024,TERM000055,CARD000335,5555553971895699,555555******5699,Mary Hernandez,08/27,626,5555553971895699=270820108564111,MASTERCARD,PURCHASE,683.30,986,BRL,5422,CHIP,365103,00,Approved,APPROVED,284566,444299067456,U,U,ACQ-TESTPOC-001,2026-09-01T19:29:50Z
1a1f53b6-950f-4a39-8cad-705e83b3f6d6,MERCH000012,TERM000032,CARD000155,4111111697972969,411111******2969,Mary Muller,10/29,277,4111111697972969=291020116701450,VISA,PURCHASE,100.19,826,GBP,5511,SWIPE,967256,30,Format error,DECLINED,805430,222190533470,A,U,ACQ-TESTPOC-001,2026-08-06T10:35:51Z
16bbebf1-9ca7-4ccc-a48a-01efd8454440,MERCH000010,TERM000029,CARD000200,30569338944844,305693****4844,John Garcia,04/30,241,30569338944844=300420179749735,DINERS,REFUND,508.10,392,JPY,5422,CONTACTLESS,521383,30,Format error,DECLINED,327721,071245531290,Y,N,ACQ-TESTPOC-001,2026-08-26T18:41:17Z
f0c8ebc3-67dd-4ea0-993f-87f08d30467c,MERCH000013,TERM000033,CARD000338,3530111382496717,353011******6717,Yuki Moore,03/28,238,3530111382496717=280320168700794,JCB,PURCHASE,662.48,702,SGD,5941,MANUAL,277264,00,Approved,APPROVED,562111,839585585229,A,N,ACQ-TESTPOC-001,2026-08-31T09:00:05Z
e6df3f5d-45d3-4435-9e17-b028be373998,MERCH000022,TERM000052,CARD000072,2223007865278586,222300******8586,Thomas Martin,11/29,733,2223007865278586=291120148434437,MASTERCARD,PURCHASE,279.21,356,INR,5411,SWIPE,171050,00,Approved,APPROVED,554794,054914774473,A,N,ACQ-TESTPOC-001,2026-08-14T01:53:35Z
786b4ec4-8b5c-46dd-a4ca-d8e1986a083d,MERCH000012,TERM000032,CARD000153,3530117218114374,353011******4374,Olivia Johnson,05/29,120,3530117218114374=290520145561100,JCB,VOID,96.20,036,AUD,5511,MANUAL,715949,54,Expired card,DECLINED,481781,344930537880,N,N,ACQ-TESTPOC-001,2026-08-21T19:13:13Z
101cf64d-fe01-4dd0-b36f-d49548ee2ac5,MERCH000004,TERM000009,CARD000216,2223003559042594,222300******2594,Elizabeth Anderson,10/30,033,2223003559042594=301020152110392,MASTERCARD,REFUND,443.47,986,BRL,5941,CHIP,608788,00,Approved,APPROVED,932838,281527873048,Z,N,ACQ-TESTPOC-001,2026-09-03T09:15:48Z
854063cf-c3cf-49f7-951b-7c2000e47bce,MERCH000011,TERM000031,CARD000161,30569399586690,305693****6690,Arjun Hernandez,05/28,472,30569399586690=280520126984858,DINERS,PURCHASE,707.14,392,JPY,5541,CONTACTLESS,378018,00,Approved,APPROVED,591947,156734467177,Z,N,ACQ-TESTPOC-001,2026-08-31T08:31:16Z
447ea61e-1f0d-454a-a0c5-35efd838c204,MERCH000019,TERM000046,CARD000302,5555552756041776,555555******1776,Omar Andersson,06/30,124,5555552756041776=300620181569857,MASTERCARD,REFUND,116.93,756,CHF,4814,SWIPE,466450,00,Approved,APPROVED,639202,999001089857,N,M,ACQ-TESTPOC-001,2026-08-07T09:40:46Z
66565911-8d3d-4e5a-b8f6-e3ddfac4de19,MERCH000018,TERM000043,CARD000351,4000005015081244,400000******1244,Camila Kim,04/30,500,4000005015081244=300420133423425,VISA,PREAUTH,505.69,356,INR,5411,SWIPE,442464,01,Refer to card issuer,DECLINED,771880,884997957285,Z,P,ACQ-TESTPOC-001,2026-08-14T01:49:54Z
e8461ed0-e671-44c1-8dd8-7079969d9c6a,MERCH000021,TERM000051,CARD000387,371449294209549,371449*****9549,Mateus Thomas,05/27,3746,371449294209549=270520105233027,AMEX,PURCHASE,44.59,484,MXN,5431,CHIP,797891,00,Approved,APPROVED,859834,248839717059,U,P,ACQ-TESTPOC-001,2026-08-20T07:26:13Z
4918af07-acc3-45e2-a5a3-4d5c2bcfa740,MERCH000009,TERM000027,CARD000051,5555554735977468,555555******7468,Richard Rossi,03/30,924,5555554735977468=300320107581814,MASTERCARD,PURCHASE,646.71,710,ZAR,5462,SWIPE,681123,00,Approved,APPROVED,669196,038856811939,Z,M,ACQ-TESTPOC-001,2026-08-11T03:09:01Z
b70b1093-4c45-4758-8e0b-efab7cf347b1,MERCH000009,TERM000027,CARD000296,5555556649878203,555555******8203,Emma Miller,10/28,748,5555556649878203=281020196908357,MASTERCARD,VOID,487.36,702,SGD,5462,CHIP,177905,00,Approved,APPROVED,330954,286693351588,Y,U,ACQ-TESTPOC-001,2026-09-05T11:12:10Z
6646f731-1027-4c23-952e-7bb8e547386b,MERCH000024,TERM000055,CARD000394,3530118831030328,353011******0328,William Martin,04/29,839,3530118831030328=290420154296184,JCB,PREAUTH,17.96,756,CHF,5422,CHIP,193910,00,Approved,APPROVED,260696,829742551360,U,M,ACQ-TESTPOC-001,2026-08-09T14:39:48Z
525e9323-be6e-4bd6-9902-7458c95df599,MERCH000023,TERM000054,CARD000274,4000005927452384,400000******2384,Chidi Lopez,11/27,257,4000005927452384=271120182841067,VISA,PURCHASE,241.61,840,USD,5812,CHIP,437361,04,Pick up card,DECLINED,949775,587366271358,U,U,ACQ-TESTPOC-001,2026-08-11T08:05:28Z
d9d07fe5-bdfc-462d-9a13-e6cba0a6f1a4,MERCH000019,TERM000045,CARD000108,4111113309584984,411111******4984,Charles Martinez,06/28,948,4111113309584984=280620112604223,VISA,REFUND,533.01,840,USD,4814,CONTACTLESS,615473,00,Approved,APPROVED,090123,566397925511,Z,P,ACQ-TESTPOC-001,2026-08-25T04:08:21Z
1944fad7-3bc7-4045-9e82-75dbfb12d62f,MERCH000008,TERM000025,CARD000348,4111118456797230,411111******7230,Patricia Jones,01/28,496,4111118456797230=280120185498227,VISA,PURCHASE,401.33,124,CAD,5533,CONTACTLESS,028966,51,Insufficient funds,DECLINED,429768,053428164416,Y,M,ACQ-TESTPOC-001,2026-08-17T10:17:52Z
7474cad6-010f-43a2-ab25-0994fa5cd214,MERCH000004,TERM000011,CARD000166,3530118515832817,353011******2817,Ethan Moore,07/28,615,3530118515832817=280720133555439,JCB,PURCHASE,781.27,986,BRL,5941,MANUAL,405103,57,Transaction not permitted to cardholder,DECLINED,701789,880273042763,Z,N,ACQ-TESTPOC-001,2026-08-16T05:38:26Z
f10b4324-d116-4c0f-ae9d-c243ddd3699d,MERCH000017,TERM000040,CARD000135,371449205061492,371449*****1492,Michael Smith,04/30,3241,371449205061492=300420171467741,AMEX,PURCHASE,641.98,356,INR,5812,SWIPE,530969,00,Approved,APPROVED,836016,067649092288,A,U,ACQ-TESTPOC-001,2026-08-16T03:16:43Z
45d003d3-4d62-4956-9578-9360c3f1af37,MERCH000025,TERM000057,CARD000164,5105100666580049,510510******0049,Liam Santos,10/28,359,5105100666580049=281020189334721,MASTERCARD,PURCHASE,457.45,392,JPY,5942,CHIP,717430,01,Refer to card issuer,DECLINED,672979,688116403439,U,M,ACQ-TESTPOC-001,2026-08-12T00:52:06Z
e83b7eea-1dec-4e36-844a-d2a6ad46e5c1,MERCH000017,TERM000041,CARD000106,371449677219032,371449*****9032,Sarah Davis,01/29,8427,371449677219032=290120197881914,AMEX,PURCHASE,189.86,356,INR,5812,CHIP,647704,05,Do not honor,DECLINED,098873,309091538602,U,N,ACQ-TESTPOC-001,2026-08-18T20:31:19Z
dc5ccd8c-e421-4753-b99b-28a1444e2e52,MERCH000013,TERM000033,CARD000179,4111112809202428,411111******2428,Mateus Okafor,10/30,041,4111112809202428=301020137977236,VISA,VOID,720.43,986,BRL,5941,MANUAL,319057,00,Approved,APPROVED,484258,204410079419,N,N,ACQ-TESTPOC-001,2026-08-28T06:57:01Z
15ee8d4f-eed9-4448-9ed2-5da602c32d81,MERCH000009,TERM000027,CARD000400,30569381609302,305693****9302,Ethan Kowalski,12/30,538,30569381609302=301220190972832,DINERS,PURCHASE,607.68,710,ZAR,5462,CHIP,224870,00,Approved,APPROVED,615914,872649632251,Z,P,ACQ-TESTPOC-001,2026-08-28T18:18:56Z
1430cf04-c047-4a56-a34a-02024bafee8a,MERCH000005,TERM000013,CARD000149,2223000583003352,222300******3352,Michael Gonzalez,03/29,894,2223000583003352=290320121044789,MASTERCARD,PURCHASE,182.67,986,BRL,5651,CHIP,189003,00,Approved,APPROVED,320317,686163070286,Z,N,ACQ-TESTPOC-001,2026-09-05T03:06:04Z
da0b11d6-8bdd-4e4e-929b-d45966fe1e41,MERCH000002,TERM000005,CARD000399,6011113414651112,601111******1112,David Jackson,02/28,014,6011113414651112=280220187068277,DISCOVER,VOID,332.89,124,CAD,5422,CONTACTLESS,219536,14,Invalid card number,DECLINED,570112,900577950017,N,N,ACQ-TESTPOC-001,2026-09-04T10:21:39Z
a814bde9-3848-4ae3-8034-79aed041288c,MERCH000011,TERM000031,CARD000014,5555557770143631,555555******3631,Camila Lopez,11/29,788,5555557770143631=291120156855744,MASTERCARD,PURCHASE,639.99,124,CAD,5541,ECOM,722113,00,Approved,APPROVED,566792,690871672210,A,P,ACQ-TESTPOC-001,2026-08-10T21:46:21Z
3a9afc2d-d311-44f4-928f-a5f4d30cc38e,MERCH000023,TERM000054,CARD000381,4000001380698472,400000******8472,Hiroshi Wilson,06/30,555,4000001380698472=300620153566905,VISA,PURCHASE,686.77,356,INR,5812,CONTACTLESS,074436,00,Approved,APPROVED,056406,234422521602,A,N,ACQ-TESTPOC-001,2026-08-23T08:28:53Z
e1d6309c-dd84-49ab-a6e4-2ee58fcd972a,MERCH000007,TERM000020,CARD000387,371449294209549,371449*****9549,Mateus Thomas,05/27,3746,371449294209549=270520105233027,AMEX,PURCHASE,15.45,702,SGD,5462,CONTACTLESS,772690,65,Exceeds withdrawal frequency limit,DECLINED,218359,265513276179,A,M,ACQ-TESTPOC-001,2026-09-03T07:13:02Z
699323dd-52b7-481c-8254-da458c702e8a,MERCH000022,TERM000052,CARD000139,4111112999119143,411111******9143,Thomas Gonzalez,07/29,799,4111112999119143=290720170246299,VISA,PURCHASE,298.79,356,INR,5411,CHIP,211915,00,Approved,APPROVED,975323,891268649864,Z,U,ACQ-TESTPOC-001,2026-08-06T00:07:16Z
2f00ceeb-01c2-4999-88f6-40dc00ec4552,MERCH000017,TERM000042,CARD000216,2223003559042594,222300******2594,Elizabeth Anderson,10/30,033,2223003559042594=301020152110392,MASTERCARD,PURCHASE,425.67,840,USD,5812,CONTACTLESS,740837,96,System malfunction,DECLINED,860738,819190749921,Z,P,ACQ-TESTPOC-001,2026-09-01T05:30:36Z
18644b1d-f3ba-4af7-b7ec-6704df64581f,MERCH000002,TERM000005,CARD000207,378282387829458,378282*****9458,Chidi Brown,11/30,1810,378282387829458=301120122031731,AMEX,PREAUTH,334.69,124,CAD,5422,ECOM,235348,00,Approved,APPROVED,282083,864708213986,A,P,ACQ-TESTPOC-001,2026-08-17T12:13:12Z
4e5ae304-d3b0-4130-8c9b-08b69c9461e7,MERCH000014,TERM000034,CARD000076,371449887287431,371449*****7431,David Kowalski,06/27,7420,371449887287431=270620154932966,AMEX,PURCHASE,632.21,124,CAD,5651,ECOM,205503,96,System malfunction,DECLINED,798346,300008863467,N,M,ACQ-TESTPOC-001,2026-08-14T11:49:56Z
751f92a3-b094-426d-b8fe-cabce20bd52e,MERCH000020,TERM000048,CARD000002,378282556981692,378282*****1692,Robert Singh,05/28,6088,378282556981692=280520135615951,AMEX,PURCHASE,104.00,978,EUR,5251,CONTACTLESS,009169,14,Invalid card number,DECLINED,789544,232737989790,Z,M,ACQ-TESTPOC-001,2026-08-19T19:23:11Z
938c9532-ebd6-4cc3-ab6f-b95b26e8e15a,MERCH000018,TERM000044,CARD000154,30569325579413,305693****9413,Barbara Brown,06/29,667,30569325579413=290620146762120,DINERS,PURCHASE,408.54,756,CHF,5411,CONTACTLESS,300099,61,Exceeds withdrawal amount limit,DECLINED,540069,433611371181,A,M,ACQ-TESTPOC-001,2026-08-19T09:05:05Z
5b1e48e8-af68-40f9-b341-f21205eae5b3,MERCH000022,TERM000052,CARD000356,3530115677665753,353011******5753,Mary Garcia,07/29,734,3530115677665753=290720115148881,JCB,PURCHASE,128.42,036,AUD,5411,CHIP,401535,12,Invalid transaction,DECLINED,799685,346607569994,A,P,ACQ-TESTPOC-001,2026-08-28T01:27:51Z
0782cc89-1a84-4893-b679-bd4ba3463ba1,MERCH000013,TERM000033,CARD000227,6011116025922228,601111******2228,Karen Martinez,07/27,742,6011116025922228=270720112309407,DISCOVER,PREAUTH,227.68,826,GBP,5941,ECOM,028182,00,Approved,APPROVED,965372,238794026208,A,M,ACQ-TESTPOC-001,2026-08-31T13:56:54Z
3256643c-cbf4-400c-89db-7766e2caf3c6,MERCH000016,TERM000039,CARD000353,4111112338655963,411111******5963,Sakura Jackson,01/28,384,4111112338655963=280120125304289,VISA,PURCHASE,541.96,392,JPY,5431,CONTACTLESS,423570,30,Format error,DECLINED,008830,412918285181,Z,M,ACQ-TESTPOC-001,2026-08-26T07:30:46Z
fe8f8f0d-7274-48b3-b754-c5458a431c0c,MERCH000021,TERM000050,CARD000324,4242423524787128,424242******7128,William Brown,06/29,376,4242423524787128=290620103754821,VISA,PURCHASE,98.14,756,CHF,5431,CHIP,792304,00,Approved,APPROVED,447186,600128382710,Y,N,ACQ-TESTPOC-001,2026-08-26T00:23:59Z
9fa12005-abf7-4943-a3b3-27000cd3e9fb,MERCH000007,TERM000019,CARD000291,371449700284276,371449*****4276,Karen Singh,03/30,6719,371449700284276=300320178897782,AMEX,PURCHASE,25.93,826,GBP,5462,SWIPE,507665,00,Approved,APPROVED,235288,446042276346,Y,M,ACQ-TESTPOC-001,2026-08-12T15:32:56Z
148c4f8c-da78-4646-8895-fcdbe7c83ace,MERCH000020,TERM000048,CARD000171,4242420099688145,424242******8145,Wei Miller,12/28,682,4242420099688145=281220122394312,VISA,PREAUTH,835.60,986,BRL,5251,CONTACTLESS,724358,04,Pick up card,DECLINED,442347,176822512726,Z,M,ACQ-TESTPOC-001,2026-08-29T11:36:29Z
bb427a4e-8376-4fe7-94b9-c2ebc010c1dc,MERCH000017,TERM000041,CARD000215,378282227837695,378282*****7695,Sakura Kowalski,09/28,8331,378282227837695=280920146591166,AMEX,VOID,809.85,756,CHF,5812,CHIP,419768,62,Restricted card,DECLINED,463468,849477129035,Y,M,ACQ-TESTPOC-001,2026-08-13T23:00:38Z
03513fd1-fa6b-4351-91e6-5d3eb6ec5050,MERCH000014,TERM000034,CARD000262,4111119092791454,411111******1454,Ava Davis,01/30,318,4111119092791454=300120119588373,VISA,PURCHASE,107.60,826,GBP,5651,MANUAL,434046,96,System malfunction,DECLINED,921389,682121564952,A,P,ACQ-TESTPOC-001,2026-08-26T19:23:30Z
b3e2a99a-386a-430e-bdf7-f640bd1a7dd5,MERCH000019,TERM000045,CARD000009,30569301627202,305693****7202,Chidi Miller,07/29,755,30569301627202=290720164641708,DINERS,VOID,695.79,986,BRL,4814,CHIP,197388,41,Lost card,DECLINED,084208,827306343594,U,N,ACQ-TESTPOC-001,2026-08-23T14:15:43Z
1520564b-f48c-4412-a8d1-2b482faa0db0,MERCH000024,TERM000055,CARD000271,6011118479513719,601111******3719,Barbara Martinez,07/27,112,6011118479513719=270720141272380,DISCOVER,PURCHASE,844.12,840,USD,5422,CONTACTLESS,051102,00,Approved,APPROVED,095533,254341230160,A,U,ACQ-TESTPOC-001,2026-08-20T03:22:09Z
af37b790-0360-4c73-b97a-c379bf65ced3,MERCH000001,TERM000002,CARD000255,6011116391741012,601111******1012,Thomas Dubois,10/27,707,6011116391741012=271020120064256,DISCOVER,PURCHASE,327.91,356,INR,5992,CHIP,203197,00,Approved,APPROVED,577512,999011400347,Y,N,ACQ-TESTPOC-001,2026-09-01T08:14:14Z
57b73b29-b50c-40da-9fd2-d88540b13911,MERCH000004,TERM000011,CARD000383,3530117691567163,353011******7163,Richard Singh,10/29,289,3530117691567163=291020180271487,JCB,VOID,353.28,356,INR,5941,ECOM,162590,12,Invalid transaction,DECLINED,756818,841947855011,N,U,ACQ-TESTPOC-001,2026-09-01T17:07:31Z
fcde72b8-d8e8-482c-b9bb-dc175f8def72,MERCH000011,TERM000031,CARD000173,2223009492995566,222300******5566,Chidi Davis,01/28,364,2223009492995566=280120152577754,MASTERCARD,PREAUTH,474.84,826,GBP,5541,MANUAL,780727,00,Approved,APPROVED,627828,037161608819,Z,N,ACQ-TESTPOC-001,2026-08-20T06:14:53Z
44f7837b-32f9-4d99-b2b3-56a169ab652e,MERCH000005,TERM000013,CARD000347,3530116399076766,353011******6766,Mary Anderson,06/27,859,3530116399076766=270620131109193,JCB,REFUND,658.88,710,ZAR,5651,CHIP,753076,00,Approved,APPROVED,586844,102480855780,Y,N,ACQ-TESTPOC-001,2026-08-16T17:19:36Z
8aacfeea-7aff-469b-ad5d-ad6717ceb5d1,MERCH000021,TERM000051,CARD000343,4111111921249382,411111******9382,Mary Singh,04/29,894,4111111921249382=290420187060566,VISA,PURCHASE,745.01,124,CAD,5431,CHIP,169069,14,Invalid card number,DECLINED,701381,685746706751,Z,M,ACQ-TESTPOC-001,2026-08-09T02:47:09Z
959c4c28-dc9c-409e-8baf-4f596b1b1396,MERCH000008,TERM000024,CARD000357,5105103111508359,510510******8359,Amara Rodriguez,11/28,443,5105103111508359=281120192840445,MASTERCARD,PURCHASE,713.08,978,EUR,5533,MANUAL,261070,00,Approved,APPROVED,228155,350842431983,U,N,ACQ-TESTPOC-001,2026-08-13T07:54:40Z
1f88a345-7c9f-4efd-8c73-db1295815ad6,MERCH000010,TERM000030,CARD000150,2223006257532600,222300******2600,William Miller,04/28,098,2223006257532600=280420121506489,MASTERCARD,REFUND,628.06,978,EUR,5422,MANUAL,105302,00,Approved,APPROVED,105836,516758646339,A,N,ACQ-TESTPOC-001,2026-08-20T09:45:59Z
f993e907-c8ab-4d40-a273-ad21f66e1885,MERCH000010,TERM000030,CARD000047,4000007935978202,400000******8202,Amara Singh,02/30,182,4000007935978202=300220103778892,VISA,PURCHASE,775.36,036,AUD,5422,CONTACTLESS,278961,43,Stolen card,DECLINED,335604,738551281775,Y,N,ACQ-TESTPOC-001,2026-09-03T11:39:59Z
f949d92a-d253-43e6-9f9b-655bec9cbfcf,MERCH000008,TERM000024,CARD000392,6011112606888714,601111******8714,Linda Garcia,04/27,920,6011112606888714=270420187510293,DISCOVER,VOID,132.40,036,AUD,5533,ECOM,097236,00,Approved,APPROVED,019776,244654677205,Y,U,ACQ-TESTPOC-001,2026-08-17T20:27:54Z
eae88e2c-6094-46b3-92c5-33e10e49e58a,MERCH000004,TERM000008,CARD000236,5555555784521826,555555******1826,Robert Anderson,12/28,681,5555555784521826=281220104091570,MASTERCARD,PURCHASE,327.25,392,JPY,5941,MANUAL,783703,00,Approved,APPROVED,102448,754380274148,A,U,ACQ-TESTPOC-001,2026-08-30T10:07:28Z
4974d255-9357-4a6e-82d3-70bcac5bea48,MERCH000022,TERM000052,CARD000197,4242426433472286,424242******2286,Robert Nakamura,01/28,557,4242426433472286=280120178487282,VISA,PURCHASE,582.78,756,CHF,5411,CHIP,728840,00,Approved,APPROVED,470490,664207632713,A,N,ACQ-TESTPOC-001,2026-09-04T06:23:49Z
a4f50195-ad27-4008-98a2-9ff4882398ef,MERCH000024,TERM000056,CARD000244,4111114058008514,411111******8514,Jessica Wilson,01/29,965,4111114058008514=290120166668327,VISA,PURCHASE,759.26,124,CAD,5422,ECOM,879060,00,Approved,APPROVED,836062,488693205534,Y,P,ACQ-TESTPOC-001,2026-08-22T13:51:38Z
dd112293-2348-4410-bb39-82e45f8d253c,MERCH000001,TERM000002,CARD000243,4111119022784694,411111******4694,Susan Nakamura,04/30,549,4111119022784694=300420146519098,VISA,PURCHASE,507.16,392,JPY,5992,CONTACTLESS,405356,00,Approved,APPROVED,472102,078977554261,U,M,ACQ-TESTPOC-001,2026-08-29T17:33:13Z
6d7b592b-d209-4a2e-be13-17574babea34,MERCH000008,TERM000024,CARD000076,371449887287431,371449*****7431,David Kowalski,06/27,7420,371449887287431=270620154932966,AMEX,PURCHASE,711.86,702,SGD,5533,ECOM,320222,54,Expired card,DECLINED,505566,111757691716,N,M,ACQ-TESTPOC-001,2026-08-09T06:29:47Z
a67f8634-ca0e-48d8-bbcc-96ef17d43520,MERCH000025,TERM000057,CARD000081,5105106226567665,510510******7665,Ethan Jones,11/27,512,5105106226567665=271120186823004,MASTERCARD,REFUND,344.12,356,INR,5942,CHIP,052169,00,Approved,APPROVED,008245,392202698014,N,U,ACQ-TESTPOC-001,2026-08-16T18:36:53Z
babccc0e-00dd-4499-873b-c22f7f64c43e,MERCH000009,TERM000027,CARD000040,30569380940245,305693****0245,Wei Smith,06/29,229,30569380940245=290620161201836,DINERS,VOID,395.41,710,ZAR,5462,CHIP,316370,57,Transaction not permitted to cardholder,DECLINED,931316,500493326724,A,U,ACQ-TESTPOC-001,2026-09-03T22:25:59Z
96e85be7-cb63-47f1-ba0e-efa211d244a0,MERCH000019,TERM000045,CARD000058,2223001154479625,222300******9625,Liam Johnson,06/30,596,2223001154479625=300620140165820,MASTERCARD,PURCHASE,368.81,710,ZAR,4814,SWIPE,083906,00,Approved,APPROVED,792966,540259985193,U,N,ACQ-TESTPOC-001,2026-08-08T21:49:24Z
d891a745-dd07-44cc-93f4-da3836f41f74,MERCH000005,TERM000015,CARD000359,371449780529244,371449*****9244,Wei Hernandez,08/27,3666,371449780529244=270820184590902,AMEX,PURCHASE,760.69,826,GBP,5651,MANUAL,635049,54,Expired card,DECLINED,856795,602667652728,A,P,ACQ-TESTPOC-001,2026-08-30T20:48:26Z
de15f0d5-2496-4b14-b744-1f4144f9eeb1,MERCH000007,TERM000021,CARD000136,6011116256527043,601111******7043,Thomas Davis,08/30,490,6011116256527043=300820121158693,DISCOVER,REFUND,614.65,710,ZAR,5462,MANUAL,864067,00,Approved,APPROVED,381039,602080192902,N,M,ACQ-TESTPOC-001,2026-08-16T12:19:23Z
85fc4a3c-0279-477b-9101-9c057fc5c04e,MERCH000012,TERM000032,CARD000122,5555558657191826,555555******1826,Camila Jackson,02/30,062,5555558657191826=300220134456557,MASTERCARD,PURCHASE,497.48,840,USD,5511,CHIP,533320,00,Approved,APPROVED,175922,351025550193,A,P,ACQ-TESTPOC-001,2026-08-17T10:42:44Z
16ac8a56-77d0-4183-818a-216b9461f4d8,MERCH000011,TERM000031,CARD000116,30569388924142,305693****4142,Susan Rossi,09/27,285,30569388924142=270920169146303,DINERS,VOID,242.83,356,INR,5541,CHIP,933324,41,Lost card,DECLINED,891081,362962080598,N,M,ACQ-TESTPOC-001,2026-08-08T23:22:28Z
1114f3d6-fe5a-475c-8d60-17ebc0d45632,MERCH000005,TERM000014,CARD000386,4000004098366556,400000******6556,Hiroshi Jackson,09/28,316,4000004098366556=280920108752437,VISA,VOID,663.28,710,ZAR,5651,SWIPE,659992,00,Approved,APPROVED,997593,012376317749,A,P,ACQ-TESTPOC-001,2026-08-28T09:49:04Z
352ef3d8-71ac-489a-ae06-1d0a6b714133,MERCH000006,TERM000016,CARD000008,2223004668893737,222300******3737,Emma Smith,07/29,656,2223004668893737=290720127298069,MASTERCARD,PURCHASE,79.88,986,BRL,7011,CONTACTLESS,591922,57,Transaction not permitted to cardholder,DECLINED,414736,713175362647,A,N,ACQ-TESTPOC-001,2026-08-24T06:21:11Z
978266d4-989e-4d17-84b5-1ff66a58954e,MERCH000022,TERM000052,CARD000129,2223009059929370,222300******9370,Emma Johnson,03/29,103,2223009059929370=290320193087059,MASTERCARD,PURCHASE,756.91,840,USD,5411,CHIP,730099,00,Approved,APPROVED,166030,845240321153,A,P,ACQ-TESTPOC-001,2026-08-24T08:02:03Z
fc8926da-105e-418c-aa9a-24481d68932e,MERCH000001,TERM000003,CARD000049,4242424865281689,424242******1689,Yuki Martinez,01/29,235,4242424865281689=290120173322141,VISA,PURCHASE,544.23,484,MXN,5992,CHIP,087797,00,Approved,APPROVED,668688,247925422188,N,P,ACQ-TESTPOC-001,2026-08-28T05:13:11Z
ee79c4a8-06da-4b32-9eb9-e6fbb997a594,MERCH000021,TERM000051,CARD000359,371449780529244,371449*****9244,Wei Hernandez,08/27,3666,371449780529244=270820184590902,AMEX,PURCHASE,788.59,702,SGD,5431,CONTACTLESS,877067,00,Approved,APPROVED,664846,693332998651,A,M,ACQ-TESTPOC-001,2026-08-06T18:09:53Z
50585bd2-ddec-47ef-aa3a-bf82cf6535ff,MERCH000006,TERM000017,CARD000240,3530114562557704,353011******7704,Linda Lopez,08/27,772,3530114562557704=270820145992816,JCB,REFUND,49.67,036,AUD,7011,CONTACTLESS,858838,75,PIN tries exceeded,DECLINED,180141,567262084672,U,N,ACQ-TESTPOC-001,2026-08-13T18:17:42Z
8fec9f88-9680-4f55-b773-43e80d4dab23,MERCH000012,TERM000032,CARD000111,4000006324241545,400000******1545,David Johnson,06/27,643,4000006324241545=270620161103712,VISA,PURCHASE,668.09,978,EUR,5511,CHIP,822250,05,Do not honor,DECLINED,791655,182562472863,U,P,ACQ-TESTPOC-001,2026-08-08T15:04:40Z
09ec6884-d843-4361-b265-936bdf012907,MERCH000006,TERM000016,CARD000047,4000007935978202,400000******8202,Amara Singh,02/30,182,4000007935978202=300220103778892,VISA,REFUND,75.02,036,AUD,7011,SWIPE,290096,00,Approved,APPROVED,413578,270266045095,Z,N,ACQ-TESTPOC-001,2026-08-09T06:09:50Z
c47aa486-013d-4090-a50a-7d6026c76eca,MERCH000006,TERM000016,CARD000245,5555558656242208,555555******2208,Mary Jones,11/27,762,5555558656242208=271120112679692,MASTERCARD,PURCHASE,522.73,124,CAD,7011,ECOM,193353,00,Approved,APPROVED,564913,922247119360,Y,U,ACQ-TESTPOC-001,2026-08-10T02:18:58Z
324b85ff-ad0b-426c-bf92-c8c62dec98cf,MERCH000001,TERM000002,CARD000237,6011114094353342,601111******3342,Chidi Dubois,09/29,714,6011114094353342=290920122410988,DISCOVER,PREAUTH,95.15,756,CHF,5992,ECOM,607626,00,Approved,APPROVED,295048,385009537234,Z,M,ACQ-TESTPOC-001,2026-08-20T14:57:40Z
e8d1fe26-1c8d-43ea-aa49-2a2069d66128,MERCH000015,TERM000037,CARD000338,3530111382496717,353011******6717,Yuki Moore,03/28,238,3530111382496717=280320168700794,JCB,PURCHASE,668.74,124,CAD,5941,CHIP,944164,00,Approved,APPROVED,143882,316544137277,Z,P,ACQ-TESTPOC-001,2026-09-01T04:16:53Z
2aec4e00-9cba-4b8d-b663-824c99c4698d,MERCH000016,TERM000039,CARD000386,4000004098366556,400000******6556,Hiroshi Jackson,09/28,316,4000004098366556=280920108752437,VISA,PURCHASE,514.14,036,AUD,5431,SWIPE,046175,00,Approved,APPROVED,900043,518870179993,N,P,ACQ-TESTPOC-001,2026-09-03T22:05:16Z
34e9e072-5df5-4127-9c78-976bad96bc50,MERCH000023,TERM000053,CARD000022,378282808760381,378282*****0381,Emma Okafor,10/29,7034,378282808760381=291020182477109,AMEX,PURCHASE,227.35,036,AUD,5812,CHIP,723456,00,Approved,APPROVED,818838,538694790254,U,P,ACQ-TESTPOC-001,2026-08-08T06:41:25Z
361510f9-37be-4367-9d91-1d277f595c35,MERCH000024,TERM000055,CARD000194,2223004558845060,222300******5060,Hiroshi Miller,06/27,998,2223004558845060=270620124558771,MASTERCARD,PURCHASE,585.29,036,AUD,5422,CHIP,864100,00,Approved,APPROVED,624552,538557421643,A,M,ACQ-TESTPOC-001,2026-08-10T07:33:25Z
9c66daae-15d2-4e83-9e12-ef62e62b3791,MERCH000002,TERM000005,CARD000245,5555558656242208,555555******2208,Mary Jones,11/27,762,5555558656242208=271120112679692,MASTERCARD,PREAUTH,415.93,036,AUD,5422,ECOM,614378,00,Approved,APPROVED,950564,844370661875,Z,P,ACQ-TESTPOC-001,2026-08-19T09:43:17Z
4e26b2c2-f80c-4a8a-a44b-b1c4b406ea31,MERCH000014,TERM000035,CARD000068,378282098358417,378282*****8417,Liam Dubois,09/30,8499,378282098358417=300920112165585,AMEX,PURCHASE,313.21,978,EUR,5651,ECOM,185899,00,Approved,APPROVED,035188,027729108450,Z,U,ACQ-TESTPOC-001,2026-08-14T23:11:46Z
fd2a968f-aa6f-423e-9171-aed715983053,MERCH000001,TERM000003,CARD000121,5555552060385059,555555******5059,Priya Muller,11/27,413,5555552060385059=271120183670241,MASTERCARD,PURCHASE,764.61,392,JPY,5992,ECOM,374698,00,Approved,APPROVED,257579,306773067182,N,N,ACQ-TESTPOC-001,2026-08-24T22:11:04Z
6ad4c9bd-7d10-4519-89ba-3dcf8ff474f7,MERCH000014,TERM000035,CARD000244,4111114058008514,411111******8514,Jessica Wilson,01/29,965,4111114058008514=290120166668327,VISA,REFUND,14.71,484,MXN,5651,CONTACTLESS,886538,14,Invalid card number,DECLINED,796841,590673963428,U,U,ACQ-TESTPOC-001,2026-08-06T17:18:43Z
ae831957-e774-47b6-8fe7-d05b99e96b1b,MERCH000013,TERM000033,CARD000380,30569391214168,305693****4168,John Hernandez,05/27,093,30569391214168=270520177100409,DINERS,PREAUTH,717.42,840,USD,5941,CONTACTLESS,922170,00,Approved,APPROVED,275106,861867066320,Y,U,ACQ-TESTPOC-001,2026-08-09T01:08:20Z
b6b8a0aa-51e1-40f9-a1ec-44170009636e,MERCH000025,TERM000057,CARD000296,5555556649878203,555555******8203,Emma Miller,10/28,748,5555556649878203=281020196908357,MASTERCARD,REFUND,802.04,124,CAD,5942,SWIPE,289198,00,Approved,APPROVED,975688,271826533717,Y,U,ACQ-TESTPOC-001,2026-08-06T14:02:04Z
7ba8ae09-c7d4-4129-b5cb-2d3cf92f7cb6,MERCH000010,TERM000030,CARD000135,371449205061492,371449*****1492,Michael Smith,04/30,3241,371449205061492=300420171467741,AMEX,REFUND,610.55,124,CAD,5422,SWIPE,313549,00,Approved,APPROVED,725959,014599670692,Y,P,ACQ-TESTPOC-001,2026-08-30T23:22:42Z
b8d01245-9435-40cb-bcf6-9dae6fe56f51,MERCH000018,TERM000044,CARD000098,5555555646519398,555555******9398,Ava Smith,11/28,737,5555555646519398=281120141672434,MASTERCARD,REFUND,197.97,036,AUD,5411,ECOM,430217,00,Approved,APPROVED,759881,816780664315,U,M,ACQ-TESTPOC-001,2026-09-05T00:43:22Z
484ec101-0c7b-4b3e-8b40-550b84df1438,MERCH000004,TERM000011,CARD000334,371449412094815,371449*****4815,Sakura Moore,04/27,9098,371449412094815=270420137801820,AMEX,VOID,559.79,702,SGD,5941,ECOM,815037,00,Approved,APPROVED,812343,017092640703,Y,M,ACQ-TESTPOC-001,2026-08-09T03:03:11Z
11d8b4e6-ad29-47f6-b543-8194a4680434,MERCH000017,TERM000042,CARD000034,2223000643171397,222300******1397,Amara Davis,01/27,293,2223000643171397=270120118393352,MASTERCARD,REFUND,804.04,484,MXN,5812,CHIP,448500,00,Approved,APPROVED,479873,288959274116,U,M,ACQ-TESTPOC-001,2026-08-22T06:34:51Z
4773ea61-f41a-44b4-a05f-87413ae7c35e,MERCH000014,TERM000036,CARD000351,4000005015081244,400000******1244,Camila Kim,04/30,500,4000005015081244=300420133423425,VISA,PURCHASE,146.60,978,EUR,5651,CONTACTLESS,620808,58,Transaction not permitted to terminal,DECLINED,139952,039170263444,N,P,ACQ-TESTPOC-001,2026-09-01T12:21:04Z
5868d1ae-e417-415f-ad48-edb9b3f22ed6,MERCH000020,TERM000049,CARD000323,371449455084285,371449*****4285,Patricia Kim,12/27,7711,371449455084285=271220199180812,AMEX,PURCHASE,578.72,356,INR,5251,CHIP,120424,00,Approved,APPROVED,170190,536909123753,Y,N,ACQ-TESTPOC-001,2026-08-16T06:18:44Z
d77c37ec-16fc-4441-8993-bc468ac312d2,MERCH000018,TERM000044,CARD000292,4000006479695453,400000******5453,Camila Johnson,01/27,255,4000006479695453=270120190561655,VISA,PURCHASE,213.19,840,USD,5411,ECOM,702436,62,Restricted card,DECLINED,333704,240553648187,A,P,ACQ-TESTPOC-001,2026-08-21T23:07:08Z
38b72838-40fe-4569-87ce-c121467497b6,MERCH000022,TERM000052,CARD000125,4000000323651994,400000******1994,Mary Williams,02/29,372,4000000323651994=290220115107029,VISA,PURCHASE,465.22,356,INR,5411,CONTACTLESS,977385,00,Approved,APPROVED,289873,662323606679,U,U,ACQ-TESTPOC-001,2026-08-08T23:07:16Z
3c8b9aa3-0b8f-4aca-9681-ff25a9aade21,MERCH000010,TERM000030,CARD000038,378282156545277,378282*****5277,Jennifer Williams,02/27,6152,378282156545277=270220180988516,AMEX,VOID,822.65,710,ZAR,5422,ECOM,220429,00,Approved,APPROVED,549909,622699206661,Z,U,ACQ-TESTPOC-001,2026-09-01T00:22:41Z
f43eced1-dadb-4511-b1fe-805aa30ab98c,MERCH000006,TERM000016,CARD000177,6011119266591843,601111******1843,Sofia Gonzalez,04/30,557,6011119266591843=300420179082723,DISCOVER,PURCHASE,559.05,484,MXN,7011,SWIPE,983358,58,Transaction not permitted to terminal,DECLINED,770497,768877792560,A,M,ACQ-TESTPOC-001,2026-08-23T16:22:02Z
2566cb90-5f60-4343-8408-90f32399e569,MERCH000008,TERM000024,CARD000269,378282498931953,378282*****1953,Yuki Andersson,09/27,0165,378282498931953=270920179055281,AMEX,PURCHASE,691.32,484,MXN,5533,CONTACTLESS,398391,41,Lost card,DECLINED,162275,260001440762,U,M,ACQ-TESTPOC-001,2026-08-31T10:26:05Z
a0f00b15-918a-44a2-af10-9bd0c8fdd6ed,MERCH000010,TERM000030,CARD000334,371449412094815,371449*****4815,Sakura Moore,04/27,9098,371449412094815=270420137801820,AMEX,PURCHASE,795.48,702,SGD,5422,CHIP,410389,57,Transaction not permitted to cardholder,DECLINED,519785,528720998656,A,N,ACQ-TESTPOC-001,2026-08-15T04:05:58Z
43a70f75-f807-43a2-b88f-0c3184d683f3,MERCH000024,TERM000055,CARD000152,3530111411739343,353011******9343,Fatima Martinez,06/28,208,3530111411739343=280620173753001,JCB,REFUND,129.48,986,BRL,5422,CHIP,353097,91,Issuer or switch inoperative,DECLINED,447349,691948962980,A,U,ACQ-TESTPOC-001,2026-08-07T11:38:21Z
5a265d09-4f3c-48bf-919e-ae7d716fbdfd,MERCH000018,TERM000043,CARD000003,5105108465648230,510510******8230,Priya Nakamura,11/30,299,5105108465648230=301120146804436,MASTERCARD,PURCHASE,381.84,840,USD,5411,CONTACTLESS,186957,00,Approved,APPROVED,160364,404347412531,N,U,ACQ-TESTPOC-001,2026-09-02T20:17:37Z
d573d51c-8770-414f-8b64-5811bbe6e68e,MERCH000022,TERM000052,CARD000208,3530116789940530,353011******0530,Susan Okafor,01/27,717,3530116789940530=270120105865094,JCB,PURCHASE,546.37,124,CAD,5411,CONTACTLESS,503619,00,Approved,APPROVED,798800,202599919387,N,N,ACQ-TESTPOC-001,2026-09-02T11:56:29Z
ad76ab12-f58a-4728-9b76-79d166c04024,MERCH000015,TERM000037,CARD000098,5555555646519398,555555******9398,Ava Smith,11/28,737,5555555646519398=281120141672434,MASTERCARD,PURCHASE,234.53,036,AUD,5941,CONTACTLESS,890476,00,Approved,APPROVED,026919,786235107651,U,M,ACQ-TESTPOC-001,2026-08-26T12:48:09Z
8bee10cf-ec1c-4f55-9c5c-fa6d0827b5de,MERCH000016,TERM000038,CARD000353,4111112338655963,411111******5963,Sakura Jackson,01/28,384,4111112338655963=280120125304289,VISA,REFUND,142.32,986,BRL,5431,SWIPE,514563,00,Approved,APPROVED,268218,091858055811,A,U,ACQ-TESTPOC-001,2026-08-19T00:54:30Z
b8a59d36-948f-4266-bfb7-c89efa9b1394,MERCH000009,TERM000027,CARD000368,5555551312206816,555555******6816,Ava Okafor,06/29,393,5555551312206816=290620186613315,MASTERCARD,PURCHASE,566.78,484,MXN,5462,CHIP,770040,00,Approved,APPROVED,616386,304541840398,N,N,ACQ-TESTPOC-001,2026-08-10T16:34:18Z
23894677-1f9d-428b-8aaf-9cd5ea027f48,MERCH000003,TERM000006,CARD000349,3530115450892038,353011******2038,Wei Miller,07/27,331,3530115450892038=270720153779599,JCB,PURCHASE,621.95,702,SGD,5511,SWIPE,588640,14,Invalid card number,DECLINED,692135,788026529516,A,U,ACQ-TESTPOC-001,2026-08-29T17:35:35Z
492692e8-dab1-43ea-b5d1-5cf9b83946b5,MERCH000023,TERM000053,CARD000105,30569382827424,305693****7424,Liam Martin,06/28,050,30569382827424=280620172368876,DINERS,PURCHASE,48.11,124,CAD,5812,SWIPE,744088,00,Approved,APPROVED,943721,067089870920,Y,M,ACQ-TESTPOC-001,2026-08-13T04:38:14Z
36bdeceb-5870-4a6b-a312-9004fcf1b37c,MERCH000018,TERM000044,CARD000114,3530119940438980,353011******8980,Arjun Martinez,12/28,037,3530119940438980=281220161379180,JCB,PURCHASE,689.33,826,GBP,5411,CHIP,158485,54,Expired card,DECLINED,588122,052632119604,Z,N,ACQ-TESTPOC-001,2026-09-03T09:47:17Z
49a20ffb-8ba0-435f-bcc3-fd3b2a3c0266,MERCH000005,TERM000012,CARD000161,30569399586690,305693****6690,Arjun Hernandez,05/28,472,30569399586690=280520126984858,DINERS,PURCHASE,406.32,710,ZAR,5651,CONTACTLESS,447082,00,Approved,APPROVED,963152,317146199539,A,U,ACQ-TESTPOC-001,2026-08-28T16:02:30Z
8a7a176a-4780-41cf-9a5d-06b4e169c7b5,MERCH000016,TERM000039,CARD000209,4000001413811381,400000******1381,Richard Taylor,04/30,392,4000001413811381=300420188619576,VISA,PURCHASE,320.16,484,MXN,5431,CONTACTLESS,302618,00,Approved,APPROVED,315838,025787036860,A,M,ACQ-TESTPOC-001,2026-08-31T22:48:45Z
e8fa6708-2392-4931-92fb-e3932dfd9ea2,MERCH000013,TERM000033,CARD000022,378282808760381,378282*****0381,Emma Okafor,10/29,7034,378282808760381=291020182477109,AMEX,PREAUTH,38.37,392,JPY,5941,SWIPE,164098,43,Stolen card,DECLINED,616319,103909120302,A,N,ACQ-TESTPOC-001,2026-08-23T23:44:33Z
dae094a3-ea94-4f80-84d8-07a4b8c7a079,MERCH000001,TERM000003,CARD000174,6011111291428349,601111******8349,John Andersson,12/27,080,6011111291428349=271220199693084,DISCOVER,PREAUTH,483.59,392,JPY,5992,SWIPE,531926,65,Exceeds withdrawal frequency limit,DECLINED,043683,098602757454,A,N,ACQ-TESTPOC-001,2026-08-30T13:47:11Z
9f16b0fb-aed6-45d9-b4dd-994ce694c33b,MERCH000002,TERM000005,CARD000147,4000009991738165,400000******8165,Patricia Muller,07/29,223,4000009991738165=290720156972521,VISA,PURCHASE,192.13,392,JPY,5422,CHIP,808189,00,Approved,APPROVED,408199,558344566229,A,N,ACQ-TESTPOC-001,2026-08-12T18:21:42Z
e423f797-9f15-4050-a3e1-14c2d7d4c73b,MERCH000004,TERM000011,CARD000316,30569372260164,305693****0164,Camila Kowalski,06/29,779,30569372260164=290620145232194,DINERS,VOID,200.29,840,USD,5941,CONTACTLESS,162486,00,Approved,APPROVED,031964,704726602351,A,P,ACQ-TESTPOC-001,2026-08-21T10:39:16Z
0369fc40-3cf4-45c0-8da2-b65e38a5c17d,MERCH000001,TERM000001,CARD000192,3530115527636558,353011******6558,Liam Garcia,05/30,929,3530115527636558=300520131438663,JCB,PREAUTH,577.80,124,CAD,5992,CHIP,671560,00,Approved,APPROVED,363710,879052244133,U,P,ACQ-TESTPOC-001,2026-08-06T05:17:00Z
8e2ee6a0-0273-4158-87f8-543c2da631a1,MERCH000010,TERM000029,CARD000291,371449700284276,371449*****4276,Karen Singh,03/30,6719,371449700284276=300320178897782,AMEX,PURCHASE,633.79,702,SGD,5422,CHIP,579057,91,Issuer or switch inoperative,DECLINED,129088,918986646936,A,U,ACQ-TESTPOC-001,2026-08-28T10:14:36Z
18cf9d7f-a035-41dc-b02f-be0129fd56b9,MERCH000004,TERM000009,CARD000100,30569365610144,305693****0144,Sofia Moore,09/28,993,30569365610144=280920175679825,DINERS,PURCHASE,570.30,986,BRL,5941,CONTACTLESS,805702,00,Approved,APPROVED,254685,771843019220,U,P,ACQ-TESTPOC-001,2026-08-08T01:14:22Z
3cf0d1e2-dfe3-467a-a854-838f3af3f5ee,MERCH000014,TERM000035,CARD000124,3530110352135685,353011******5685,Karen Rodriguez,11/27,206,3530110352135685=271120178831712,JCB,PURCHASE,513.55,702,SGD,5651,CHIP,239644,00,Approved,APPROVED,041857,282532676992,A,N,ACQ-TESTPOC-001,2026-08-30T05:05:08Z
17d48459-dc48-4573-8c0f-b02f01c44582,MERCH000015,TERM000037,CARD000122,5555558657191826,555555******1826,Camila Jackson,02/30,062,5555558657191826=300220134456557,MASTERCARD,PURCHASE,554.30,392,JPY,5941,CHIP,320914,04,Pick up card,DECLINED,722196,016933284423,A,U,ACQ-TESTPOC-001,2026-08-16T13:49:46Z
1dba0956-bfbf-4ed3-9ae9-7d13882b5da2,MERCH000022,TERM000052,CARD000310,371449121513428,371449*****3428,Lucas Santos,12/28,4993,371449121513428=281220190892613,AMEX,VOID,411.30,986,BRL,5411,CONTACTLESS,154526,00,Approved,APPROVED,060375,756999138310,Y,U,ACQ-TESTPOC-001,2026-08-17T19:50:04Z
17564634-d851-417d-9556-08945adb04e5,MERCH000010,TERM000028,CARD000110,4242428636374541,424242******4541,Mateus Jones,09/29,975,4242428636374541=290920100170127,VISA,PURCHASE,616.28,986,BRL,5422,CHIP,777733,12,Invalid transaction,DECLINED,984857,168066470703,U,P,ACQ-TESTPOC-001,2026-08-15T07:48:11Z
4948fc02-c94f-452b-bb4e-c7bf53bb1a73,MERCH000002,TERM000005,CARD000194,2223004558845060,222300******5060,Hiroshi Miller,06/27,998,2223004558845060=270620124558771,MASTERCARD,PURCHASE,428.41,484,MXN,5422,CHIP,410740,00,Approved,APPROVED,138701,740675826762,A,M,ACQ-TESTPOC-001,2026-08-11T10:38:21Z
ec3c35d4-c0ec-443f-83a6-cefeaf1767f7,MERCH000014,TERM000034,CARD000008,2223004668893737,222300******3737,Emma Smith,07/29,656,2223004668893737=290720127298069,MASTERCARD,PURCHASE,563.34,356,INR,5651,ECOM,646149,00,Approved,APPROVED,469569,459793183997,U,P,ACQ-TESTPOC-001,2026-08-10T10:44:15Z
cf558f88-a0d0-4b1a-b06d-864d4e4f904d,MERCH000020,TERM000048,CARD000132,4111115135521577,411111******1577,Susan Davis,05/27,154,4111115135521577=270520110067626,VISA,PURCHASE,527.57,702,SGD,5251,MANUAL,504932,00,Approved,APPROVED,863550,664322394612,Y,N,ACQ-TESTPOC-001,2026-08-16T13:27:33Z
5c0d30b7-8f3b-4896-bcea-423aa4abfb47,MERCH000023,TERM000053,CARD000339,4111110074946539,411111******6539,David Kowalski,01/29,891,4111110074946539=290120141612846,VISA,PURCHASE,194.55,392,JPY,5812,CHIP,127622,00,Approved,APPROVED,953804,398474225678,Z,M,ACQ-TESTPOC-001,2026-08-09T08:38:21Z
3de9edcf-a413-4210-99ed-cdeb577324a0,MERCH000017,TERM000042,CARD000270,5555552538179332,555555******9332,Sarah Taylor,06/29,640,5555552538179332=290620115577881,MASTERCARD,PURCHASE,551.94,356,INR,5812,CONTACTLESS,841680,00,Approved,APPROVED,403093,134956479984,Z,M,ACQ-TESTPOC-001,2026-09-01T07:46:32Z
a5f9a052-51c6-4521-a192-f6ed5e38d9d4,MERCH000025,TERM000057,CARD000264,6011111137995634,601111******5634,Linda Hernandez,04/29,313,6011111137995634=290420163631797,DISCOVER,PREAUTH,164.69,756,CHF,5942,SWIPE,309723,00,Approved,APPROVED,414157,108092616620,Y,U,ACQ-TESTPOC-001,2026-08-22T14:31:21Z
ebc0e1ef-d96a-4167-ad2c-d80ee2484b4c,MERCH000011,TERM000031,CARD000164,5105100666580049,510510******0049,Liam Santos,10/28,359,5105100666580049=281020189334721,MASTERCARD,PREAUTH,281.63,036,AUD,5541,SWIPE,655575,00,Approved,APPROVED,104727,247640006875,U,U,ACQ-TESTPOC-001,2026-08-12T21:16:28Z
e366baeb-e1cd-48a2-8d2a-3be95df529d6,MERCH000017,TERM000040,CARD000150,2223006257532600,222300******2600,William Miller,04/28,098,2223006257532600=280420121506489,MASTERCARD,PURCHASE,217.80,392,JPY,5812,CHIP,244418,00,Approved,APPROVED,617326,974023386860,U,N,ACQ-TESTPOC-001,2026-08-15T10:37:56Z
7925ccc1-1c90-4e61-9ab9-1c30e863adc1,MERCH000011,TERM000031,CARD000022,378282808760381,378282*****0381,Emma Okafor,10/29,7034,378282808760381=291020182477109,AMEX,REFUND,165.69,756,CHF,5541,CONTACTLESS,423860,75,PIN tries exceeded,DECLINED,181779,050898309413,A,M,ACQ-TESTPOC-001,2026-08-13T09:31:59Z
17a7448b-eda3-4424-bf48-b7e8b960f2a3,MERCH000019,TERM000046,CARD000327,3530119756341088,353011******1088,William Taylor,07/29,843,3530119756341088=290720118848520,JCB,PURCHASE,746.12,484,MXN,4814,MANUAL,452841,00,Approved,APPROVED,219933,569480450735,Z,U,ACQ-TESTPOC-001,2026-09-02T16:29:22Z
ae2dd913-7801-4c7c-b513-0d5803836731,MERCH000010,TERM000030,CARD000008,2223004668893737,222300******3737,Emma Smith,07/29,656,2223004668893737=290720127298069,MASTERCARD,PREAUTH,487.51,124,CAD,5422,CHIP,598026,00,Approved,APPROVED,001142,294420315892,A,P,ACQ-TESTPOC-001,2026-08-18T01:28:20Z
7ced2f8f-99f7-4fe3-80f1-497cbfe06239,MERCH000020,TERM000048,CARD000240,3530114562557704,353011******7704,Linda Lopez,08/27,772,3530114562557704=270820145992816,JCB,PREAUTH,632.74,484,MXN,5251,CONTACTLESS,748675,00,Approved,APPROVED,639277,514186482308,U,N,ACQ-TESTPOC-001,2026-08-30T02:50:58Z
6fa3f850-e1c4-4576-a39a-ec27bcd16969,MERCH000020,TERM000049,CARD000329,30569389354497,305693****4497,Priya Taylor,12/28,315,30569389354497=281220189357126,DINERS,PURCHASE,91.01,036,AUD,5251,CHIP,332605,41,Lost card,DECLINED,757671,869427674831,Z,N,ACQ-TESTPOC-001,2026-08-19T23:15:28Z
842bd587-3099-4bbe-88d5-386a4228dff1,MERCH000023,TERM000053,CARD000197,4242426433472286,424242******2286,Robert Nakamura,01/28,557,4242426433472286=280120178487282,VISA,PURCHASE,777.63,986,BRL,5812,CONTACTLESS,181788,00,Approved,APPROVED,156847,426559469890,Z,N,ACQ-TESTPOC-001,2026-08-24T06:06:23Z
05f907a7-cf8d-4843-916e-3040a4fc6571,MERCH000008,TERM000023,CARD000236,5555555784521826,555555******1826,Robert Anderson,12/28,681,5555555784521826=281220104091570,MASTERCARD,REFUND,531.35,710,ZAR,5533,CHIP,223790,00,Approved,APPROVED,037656,654870847795,A,M,ACQ-TESTPOC-001,2026-08-13T07:45:19Z
25f3c534-0bd8-472c-b120-d36ff90f4cf4,MERCH000021,TERM000051,CARD000216,2223003559042594,222300******2594,Elizabeth Anderson,10/30,033,2223003559042594=301020152110392,MASTERCARD,VOID,840.52,978,EUR,5431,SWIPE,890737,00,Approved,APPROVED,539165,159157908945,U,U,ACQ-TESTPOC-001,2026-08-21T01:39:48Z
150e4af2-bb5e-4c01-a68e-f9403eec4c07,MERCH000006,TERM000017,CARD000282,5105105765213285,510510******3285,Ava Martin,04/28,888,5105105765213285=280420116711207,MASTERCARD,PURCHASE,175.35,756,CHF,7011,MANUAL,207612,00,Approved,APPROVED,249346,961219051881,N,U,ACQ-TESTPOC-001,2026-08-29T19:43:25Z
5c6ca036-0bf2-4308-ba9f-acac09e6ab7b,MERCH000021,TERM000050,CARD000262,4111119092791454,411111******1454,Ava Davis,01/30,318,4111119092791454=300120119588373,VISA,PURCHASE,6.98,710,ZAR,5431,CONTACTLESS,901079,00,Approved,APPROVED,138365,372982689334,U,U,ACQ-TESTPOC-001,2026-08-12T07:07:09Z
ae44289d-b54d-4f44-bfb5-73e8dd7607ae,MERCH000022,TERM000052,CARD000312,3530112304501899,353011******1899,Arjun Rodriguez,02/30,236,3530112304501899=300220110326642,JCB,PURCHASE,38.56,392,JPY,5411,CONTACTLESS,789683,00,Approved,APPROVED,200287,557077312315,A,P,ACQ-TESTPOC-001,2026-08-07T21:01:58Z
976d3700-2b92-44b9-b4de-02ca141b0e30,MERCH000021,TERM000050,CARD000349,3530115450892038,353011******2038,Wei Miller,07/27,331,3530115450892038=270720153779599,JCB,PURCHASE,108.80,392,JPY,5431,SWIPE,799384,61,Exceeds withdrawal amount limit,DECLINED,745441,440458831141,A,U,ACQ-TESTPOC-001,2026-08-09T01:31:17Z
50981611-fc42-465c-9eed-c56772a303dc,MERCH000002,TERM000005,CARD000386,4000004098366556,400000******6556,Hiroshi Jackson,09/28,316,4000004098366556=280920108752437,VISA,REFUND,169.49,840,USD,5422,CONTACTLESS,156891,00,Approved,APPROVED,779778,097797802344,A,U,ACQ-TESTPOC-001,2026-09-01T04:18:10Z
17aab557-595c-4648-ab45-3c339c568ddf,MERCH000017,TERM000041,CARD000135,371449205061492,371449*****1492,Michael Smith,04/30,3241,371449205061492=300420171467741,AMEX,PURCHASE,696.67,124,CAD,5812,ECOM,640163,00,Approved,APPROVED,983178,295737831597,A,U,ACQ-TESTPOC-001,2026-08-22T20:23:09Z
9e05d9e0-a437-444a-a59f-7d657af0718c,MERCH000023,TERM000053,CARD000308,6011117572158620,601111******8620,Chidi Johnson,02/29,274,6011117572158620=290220156449485,DISCOVER,PURCHASE,89.69,124,CAD,5812,SWIPE,302915,00,Approved,APPROVED,586374,542332416518,A,P,ACQ-TESTPOC-001,2026-08-06T13:17:51Z
03487274-44cd-4fd2-9a09-64808733aa29,MERCH000018,TERM000043,CARD000299,30569316231982,305693****1982,Camila Dubois,09/27,847,30569316231982=270920113915596,DINERS,PURCHASE,248.60,036,AUD,5411,MANUAL,746215,61,Exceeds withdrawal amount limit,DECLINED,779102,958417491617,Y,P,ACQ-TESTPOC-001,2026-08-22T23:58:31Z
e0b9e9fe-6641-4d94-a3fe-ff879804ef2f,MERCH000001,TERM000002,CARD000085,4111117086688264,411111******8264,Susan Hernandez,05/28,175,4111117086688264=280520118304699,VISA,VOID,61.96,356,INR,5992,CONTACTLESS,134476,00,Approved,APPROVED,733007,094837740292,U,U,ACQ-TESTPOC-001,2026-09-02T19:17:54Z
6bfe24bd-b22a-41de-bc0b-2d77ecfae404,MERCH000010,TERM000030,CARD000327,3530119756341088,353011******1088,William Taylor,07/29,843,3530119756341088=290720118848520,JCB,VOID,361.61,826,GBP,5422,ECOM,509962,00,Approved,APPROVED,122237,836677196666,Y,M,ACQ-TESTPOC-001,2026-08-29T05:10:01Z
3c33a904-9bd3-498f-b81d-b9ca45c54ea7,MERCH000005,TERM000014,CARD000383,3530117691567163,353011******7163,Richard Singh,10/29,289,3530117691567163=291020180271487,JCB,VOID,115.13,840,USD,5651,MANUAL,223499,41,Lost card,DECLINED,570653,013768367590,Y,U,ACQ-TESTPOC-001,2026-08-24T04:42:49Z
0f968df7-4ed2-45b3-967d-cd7a051806bd,MERCH000015,TERM000037,CARD000168,5105103581128803,510510******8803,Susan Muller,04/27,613,5105103581128803=270420186120750,MASTERCARD,PURCHASE,233.92,978,EUR,5941,SWIPE,233517,41,Lost card,DECLINED,318814,656426018637,N,U,ACQ-TESTPOC-001,2026-08-31T15:40:43Z
dc05bd21-c11b-4fde-be1c-aa26ac89ec6a,MERCH000007,TERM000018,CARD000291,371449700284276,371449*****4276,Karen Singh,03/30,6719,371449700284276=300320178897782,AMEX,PURCHASE,539.02,484,MXN,5462,SWIPE,227764,00,Approved,APPROVED,851331,149003850255,Y,N,ACQ-TESTPOC-001,2026-08-18T00:12:03Z
4c324da9-d70e-4802-8ff9-4db13cbaa006,MERCH000009,TERM000027,CARD000350,3530114652170731,353011******0731,Joseph Singh,11/27,379,3530114652170731=271120133756362,JCB,PURCHASE,774.10,356,INR,5462,SWIPE,047331,00,Approved,APPROVED,264965,546157493251,Y,P,ACQ-TESTPOC-001,2026-08-27T18:34:30Z
d3f0ec5d-c592-4b47-8a3f-5fce1cde37b5,MERCH000023,TERM000054,CARD000270,5555552538179332,555555******9332,Sarah Taylor,06/29,640,5555552538179332=290620115577881,MASTERCARD,PREAUTH,114.78,978,EUR,5812,CHIP,409543,00,Approved,APPROVED,462225,766183085800,Y,U,ACQ-TESTPOC-001,2026-08-19T21:22:08Z
07cb5840-46bb-4535-99a8-be64ec20b842,MERCH000008,TERM000022,CARD000160,5555555160917796,555555******7796,James Taylor,08/28,086,5555555160917796=280820197829221,MASTERCARD,PURCHASE,213.39,978,EUR,5533,CONTACTLESS,862107,00,Approved,APPROVED,837216,818710968564,N,P,ACQ-TESTPOC-001,2026-08-29T17:54:40Z
bfc8061d-f25b-492e-bc3b-3f36fa14edc8,MERCH000025,TERM000057,CARD000028,3530113792374740,353011******4740,Charles Nakamura,08/27,821,3530113792374740=270820175946474,JCB,VOID,734.30,826,GBP,5942,SWIPE,331542,51,Insufficient funds,DECLINED,741058,306002302865,A,M,ACQ-TESTPOC-001,2026-08-22T15:24:19Z
c89af5ad-b289-4efc-99ca-075d582dc1fa,MERCH000022,TERM000052,CARD000071,4111118962309132,411111******9132,Chidi Wilson,08/27,263,4111118962309132=270820168970283,VISA,PURCHASE,24.18,826,GBP,5411,CONTACTLESS,015145,00,Approved,APPROVED,774410,992016633822,N,N,ACQ-TESTPOC-001,2026-08-31T02:12:54Z
11e9451b-5ac4-4ba9-a077-937520ae3d7d,MERCH000009,TERM000026,CARD000017,3530110229413182,353011******3182,Hiroshi Rossi,10/30,938,3530110229413182=301020167749649,JCB,PURCHASE,150.51,986,BRL,5462,CONTACTLESS,201901,00,Approved,APPROVED,119403,348433913325,N,U,ACQ-TESTPOC-001,2026-08-26T04:04:23Z
6475c6dd-617e-4839-aaae-eac87d1c747a,MERCH000004,TERM000009,CARD000082,30569386863375,305693****3375,Sarah Miller,03/29,106,30569386863375=290320190331190,DINERS,PURCHASE,577.70,756,CHF,5941,CHIP,342864,00,Approved,APPROVED,810040,497602498663,A,N,ACQ-TESTPOC-001,2026-08-28T12:21:44Z
cb86c15a-d863-4714-9c2c-d37a70ec870e,MERCH000024,TERM000055,CARD000374,3530117347156627,353011******6627,Omar Taylor,08/30,962,3530117347156627=300820170661498,JCB,PURCHASE,541.52,710,ZAR,5422,ECOM,349852,00,Approved,APPROVED,652036,735615266559,Y,P,ACQ-TESTPOC-001,2026-08-10T17:37:45Z
05fe3484-882c-43e2-9558-07f2fda56f1b,MERCH000016,TERM000039,CARD000081,5105106226567665,510510******7665,Ethan Jones,11/27,512,5105106226567665=271120186823004,MASTERCARD,PURCHASE,778.79,484,MXN,5431,CONTACTLESS,147533,00,Approved,APPROVED,423960,952474665353,U,U,ACQ-TESTPOC-001,2026-08-25T04:04:20Z
f968a8e6-1960-41e0-9575-26fc5edf4989,MERCH000005,TERM000014,CARD000383,3530117691567163,353011******7163,Richard Singh,10/29,289,3530117691567163=291020180271487,JCB,PURCHASE,641.98,702,SGD,5651,CONTACTLESS,924157,57,Transaction not permitted to cardholder,DECLINED,085769,276383543468,A,U,ACQ-TESTPOC-001,2026-08-29T07:41:48Z
376d6b69-2047-4acf-b855-b677d2cbacfe,MERCH000008,TERM000022,CARD000212,4000007522459335,400000******9335,Jennifer Jackson,05/29,693,4000007522459335=290520115727919,VISA,REFUND,481.12,036,AUD,5533,ECOM,399816,00,Approved,APPROVED,100853,538116837103,Y,U,ACQ-TESTPOC-001,2026-08-11T08:34:14Z
d71757a4-8b02-4d97-a2b8-7096cf334e08,MERCH000007,TERM000021,CARD000067,4242426873395005,424242******5005,Hiroshi Andersson,08/29,748,4242426873395005=290820101624565,VISA,PURCHASE,801.59,840,USD,5462,SWIPE,967808,00,Approved,APPROVED,939773,264931214639,A,U,ACQ-TESTPOC-001,2026-08-24T10:29:16Z
470919cd-17fc-4d57-bd8f-e1b5d9b963b5,MERCH000013,TERM000033,CARD000166,3530118515832817,353011******2817,Ethan Moore,07/28,615,3530118515832817=280720133555439,JCB,VOID,140.62,986,BRL,5941,ECOM,456339,05,Do not honor,DECLINED,114173,729940369481,Y,N,ACQ-TESTPOC-001,2026-08-16T03:06:51Z
4bd4b339-9257-4ebf-a01a-9fde083fa374,MERCH000021,TERM000051,CARD000360,2223009999663618,222300******3618,Noah Brown,04/30,597,2223009999663618=300420141218209,MASTERCARD,PURCHASE,527.74,978,EUR,5431,ECOM,068335,00,Approved,APPROVED,231393,910161259016,N,P,ACQ-TESTPOC-001,2026-08-06T23:14:42Z
1f2b26a1-71e4-4cbd-8b05-d38a6b4fb3cd,MERCH000024,TERM000055,CARD000390,4111110185962631,411111******2631,Jessica Gonzalez,02/27,749,4111110185962631=270220126176475,VISA,PREAUTH,183.91,036,AUD,5422,CONTACTLESS,734814,00,Approved,APPROVED,047805,984101679301,A,M,ACQ-TESTPOC-001,2026-08-12T09:47:46Z
5afb4f5c-58f7-44ef-8147-1e1b54a9f2e0,MERCH000004,TERM000011,CARD000006,371449889579868,371449*****9868,Noah Anderson,03/30,4348,371449889579868=300320173471434,AMEX,PURCHASE,71.50,986,BRL,5941,CHIP,420288,00,Approved,APPROVED,871150,661680199034,N,M,ACQ-TESTPOC-001,2026-08-26T17:18:15Z
e24877de-989e-4dfb-aa8d-044cfa4f78bd,MERCH000025,TERM000057,CARD000133,378282586179325,378282*****9325,Robert Martinez,02/30,0541,378282586179325=300220115262181,AMEX,PURCHASE,755.04,036,AUD,5942,CHIP,531607,00,Approved,APPROVED,592942,179138601571,Y,U,ACQ-TESTPOC-001,2026-08-19T12:00:39Z
a745dcac-779c-46b2-8de4-4c1684f58099,MERCH000004,TERM000009,CARD000070,2223008887947059,222300******7059,Linda Wilson,11/29,940,2223008887947059=291120197499309,MASTERCARD,PURCHASE,846.91,840,USD,5941,CONTACTLESS,028814,00,Approved,APPROVED,096485,128745271936,Z,P,ACQ-TESTPOC-001,2026-08-10T13:53:23Z
bd0a3e48-b93d-46c3-87b3-1ec86d0d2afa,MERCH000016,TERM000039,CARD000151,3530110100167618,353011******7618,Elizabeth Miller,08/29,046,3530110100167618=290820118499261,JCB,PURCHASE,670.54,356,INR,5431,CHIP,749161,00,Approved,APPROVED,820466,942321540131,A,N,ACQ-TESTPOC-001,2026-08-08T22:47:22Z
e690f8e4-a975-4e69-a54b-290624b89237,MERCH000011,TERM000031,CARD000211,5105105776004905,510510******4905,James Martinez,05/28,335,5105105776004905=280520104888992,MASTERCARD,PURCHASE,346.14,978,EUR,5541,MANUAL,552527,00,Approved,APPROVED,775520,410254717989,U,P,ACQ-TESTPOC-001,2026-08-16T14:32:18Z
4c37e378-5f54-4a22-af4c-cd282a1413dd,MERCH000017,TERM000042,CARD000184,2223006213721388,222300******1388,Ava Martin,06/30,026,2223006213721388=300620101279611,MASTERCARD,PURCHASE,188.55,484,MXN,5812,CHIP,519567,00,Approved,APPROVED,364766,635584227172,Z,U,ACQ-TESTPOC-001,2026-08-22T23:21:42Z
f5405919-a79b-4894-a103-0d7af90bca8b,MERCH000005,TERM000014,CARD000208,3530116789940530,353011******0530,Susan Okafor,01/27,717,3530116789940530=270120105865094,JCB,PURCHASE,20.15,710,ZAR,5651,CHIP,441306,57,Transaction not permitted to cardholder,DECLINED,533981,624087100668,U,M,ACQ-TESTPOC-001,2026-08-25T11:43:36Z
0cf5d6fa-97a7-411a-b8a8-465bd91017c0,MERCH000022,TERM000052,CARD000389,30569329277428,305693****7428,Richard Kowalski,04/28,059,30569329277428=280420112662015,DINERS,PURCHASE,347.09,710,ZAR,5411,SWIPE,115223,00,Approved,APPROVED,149763,822282408475,N,N,ACQ-TESTPOC-001,2026-09-01T20:51:26Z
39c4cdbd-e67d-49dd-b489-d8ba24202ba2,MERCH000012,TERM000032,CARD000017,3530110229413182,353011******3182,Hiroshi Rossi,10/30,938,3530110229413182=301020167749649,JCB,REFUND,228.51,356,INR,5511,MANUAL,135113,04,Pick up card,DECLINED,363886,053572289206,A,M,ACQ-TESTPOC-001,2026-09-05T03:54:58Z
0b72b338-d5d7-4f52-be73-ef90edcd42eb,MERCH000021,TERM000051,CARD000251,5105107836674289,510510******4289,Charles Kim,01/30,765,5105107836674289=300120180185694,MASTERCARD,REFUND,25.80,124,CAD,5431,CHIP,104194,00,Approved,APPROVED,954239,534195281447,U,U,ACQ-TESTPOC-001,2026-08-19T10:21:12Z
1b4f7560-4657-422a-a288-e6d276c7fb45,MERCH000015,TERM000037,CARD000376,2223006749160168,222300******0168,Omar Rodriguez,04/28,587,2223006749160168=280420150663370,MASTERCARD,PREAUTH,545.68,978,EUR,5941,SWIPE,930635,00,Approved,APPROVED,521899,803789121397,A,N,ACQ-TESTPOC-001,2026-08-07T15:51:25Z
c439740e-c4ca-478b-8dcd-b85bf6ba2791,MERCH000024,TERM000056,CARD000306,5105103626204437,510510******4437,Yuki Jackson,04/30,710,5105103626204437=300420172563669,MASTERCARD,PURCHASE,814.19,392,JPY,5422,MANUAL,599408,00,Approved,APPROVED,796456,429069690452,U,U,ACQ-TESTPOC-001,2026-08-18T11:39:08Z
34076813-1a11-4c3a-bd8e-a1f9f701052c,MERCH000001,TERM000004,CARD000035,3530110422842104,353011******2104,Wei Rossi,01/28,395,3530110422842104=280120102402681,JCB,VOID,199.27,124,CAD,5992,CONTACTLESS,570165,00,Approved,APPROVED,150891,761368149802,A,N,ACQ-TESTPOC-001,2026-08-13T10:35:39Z
ffe62518-a760-4267-a64e-898d6dd9e675,MERCH000021,TERM000050,CARD000263,4000003127722003,400000******2003,Susan Wilson,05/29,459,4000003127722003=290520170108220,VISA,REFUND,137.46,484,MXN,5431,MANUAL,644477,00,Approved,APPROVED,901441,250842324234,U,M,ACQ-TESTPOC-001,2026-08-28T05:29:14Z
00def6ab-227f-4f29-988d-edfcec933fd2,MERCH000025,TERM000057,CARD000141,371449367850823,371449*****0823,Lucas Gonzalez,05/27,2890,371449367850823=270520123303070,AMEX,PURCHASE,282.01,702,SGD,5942,MANUAL,691585,00,Approved,APPROVED,330642,749062796024,N,P,ACQ-TESTPOC-001,2026-09-02T21:14:52Z
2ae8c981-0dca-4427-b15a-60b2e6b33c6f,MERCH000015,TERM000037,CARD000123,5555551329121271,555555******1271,Fatima Brown,06/30,853,5555551329121271=300620174741124,MASTERCARD,PURCHASE,574.63,392,JPY,5941,CONTACTLESS,231582,00,Approved,APPROVED,550880,630402966299,Y,U,ACQ-TESTPOC-001,2026-08-12T05:45:18Z
e48b5b85-4cf1-4bd4-bd69-937aa6608fb3,MERCH000006,TERM000016,CARD000249,371449128144292,371449*****4292,Thomas Smith,05/29,1929,371449128144292=290520127524372,AMEX,PURCHASE,257.43,840,USD,7011,CONTACTLESS,821539,43,Stolen card,DECLINED,184646,669370632503,Y,N,ACQ-TESTPOC-001,2026-08-27T06:21:52Z
fe001908-e0ef-4363-b0d5-bc993240c12f,MERCH000019,TERM000045,CARD000257,371449432806347,371449*****6347,Wei Thomas,02/30,1732,371449432806347=300220103093761,AMEX,PURCHASE,7.44,392,JPY,4814,CHIP,619019,65,Exceeds withdrawal frequency limit,DECLINED,250986,335937971900,Y,M,ACQ-TESTPOC-001,2026-09-04T02:25:11Z
dcd18ed4-67ab-41f2-abf8-c02f847752da,MERCH000006,TERM000017,CARD000221,30569332482627,305693****2627,John Moore,06/28,812,30569332482627=280620152056647,DINERS,PREAUTH,608.50,756,CHF,7011,CONTACTLESS,718559,51,Insufficient funds,DECLINED,324119,079923045323,Y,U,ACQ-TESTPOC-001,2026-09-01T23:50:49Z
b15dae0c-2f6b-4d66-a954-93111bff77e3,MERCH000021,TERM000051,CARD000239,378282629979541,378282*****9541,Ethan Williams,04/29,7921,378282629979541=290420171747733,AMEX,PREAUTH,246.89,756,CHF,5431,CONTACTLESS,370194,00,Approved,APPROVED,990884,539117766650,A,N,ACQ-TESTPOC-001,2026-08-06T18:10:56Z
29033869-2ae1-48f5-ac9d-238b5da8f6f4,MERCH000022,TERM000052,CARD000332,4242425454470229,424242******0229,Karen Andersson,01/30,432,4242425454470229=300120170185106,VISA,PURCHASE,136.94,484,MXN,5411,MANUAL,578061,00,Approved,APPROVED,835876,902231167870,Z,U,ACQ-TESTPOC-001,2026-08-07T22:55:52Z
f02d05f6-d290-4339-ab97-2d4658deefa5,MERCH000021,TERM000051,CARD000105,30569382827424,305693****7424,Liam Martin,06/28,050,30569382827424=280620172368876,DINERS,PURCHASE,105.52,710,ZAR,5431,SWIPE,212684,00,Approved,APPROVED,678556,856371142943,Y,M,ACQ-TESTPOC-001,2026-08-26T04:51:51Z
b636dbf4-4b96-4354-bad1-39038ebc0492,MERCH000001,TERM000002,CARD000233,4000001556990232,400000******0232,Noah Kim,06/29,702,4000001556990232=290620172785760,VISA,PREAUTH,480.34,356,INR,5992,CHIP,313246,00,Approved,APPROVED,361317,986693278417,U,N,ACQ-TESTPOC-001,2026-08-10T01:10:02Z
9ca334de-640f-412f-9996-f57928fae55f,MERCH000022,TERM000052,CARD000212,4000007522459335,400000******9335,Jennifer Jackson,05/29,693,4000007522459335=290520115727919,VISA,PURCHASE,781.53,124,CAD,5411,CHIP,114065,96,System malfunction,DECLINED,171617,664267351272,A,P,ACQ-TESTPOC-001,2026-08-25T17:55:04Z
dd5a40a3-0d7a-4a44-9375-35c714577e63,MERCH000012,TERM000032,CARD000128,4000004078593211,400000******3211,Jessica Rodriguez,11/28,803,4000004078593211=281120196522395,VISA,PURCHASE,521.94,756,CHF,5511,CONTACTLESS,878496,00,Approved,APPROVED,167502,249451046250,Z,N,ACQ-TESTPOC-001,2026-08-21T00:16:35Z
eda62ae3-58d8-4ac5-aa40-a9cd640a2d69,MERCH000019,TERM000046,CARD000168,5105103581128803,510510******8803,Susan Muller,04/27,613,5105103581128803=270420186120750,MASTERCARD,PURCHASE,695.84,826,GBP,4814,MANUAL,627672,54,Expired card,DECLINED,626290,350979344212,U,M,ACQ-TESTPOC-001,2026-08-23T18:00:39Z
7a28d598-6cd8-4c8c-8d68-0c5587e50582,MERCH000010,TERM000029,CARD000337,4242420339937880,424242******7880,Sarah Johnson,02/30,578,4242420339937880=300220161706304,VISA,PURCHASE,759.14,036,AUD,5422,SWIPE,045797,30,Format error,DECLINED,899646,251840703398,N,M,ACQ-TESTPOC-001,2026-08-25T11:48:51Z
3b12ef19-b94a-49a8-b5b8-706e0f8c7bb8,MERCH000010,TERM000029,CARD000285,4111114955289381,411111******9381,Camila Dubois,02/27,083,4111114955289381=270220134280138,VISA,PURCHASE,621.73,986,BRL,5422,ECOM,094516,00,Approved,APPROVED,511954,670636328630,Y,M,ACQ-TESTPOC-001,2026-08-15T07:10:45Z
8719374e-950a-41c2-b2ec-2258319dfcc4,MERCH000005,TERM000013,CARD000014,5555557770143631,555555******3631,Camila Lopez,11/29,788,5555557770143631=291120156855744,MASTERCARD,PURCHASE,249.06,356,INR,5651,CHIP,648333,04,Pick up card,DECLINED,443400,796082896713,Z,M,ACQ-TESTPOC-001,2026-08-10T10:02:04Z
4b39e5e6-b3d4-4dd1-8c0e-09cfb9cf0488,MERCH000011,TERM000031,CARD000311,371449150416592,371449*****6592,Elizabeth Smith,06/27,1777,371449150416592=270620149050975,AMEX,REFUND,113.99,484,MXN,5541,CONTACTLESS,649013,57,Transaction not permitted to cardholder,DECLINED,152642,495193500115,A,U,ACQ-TESTPOC-001,2026-08-07T02:02:33Z
0fe05615-fdd0-49ae-900e-482b477810d9,MERCH000004,TERM000011,CARD000177,6011119266591843,601111******1843,Sofia Gonzalez,04/30,557,6011119266591843=300420179082723,DISCOVER,PURCHASE,51.95,986,BRL,5941,CHIP,889044,58,Transaction not permitted to terminal,DECLINED,669051,104043156685,Y,N,ACQ-TESTPOC-001,2026-08-10T19:14:16Z
5518d0be-44d1-4dc5-ae83-08f930bbe7e0,MERCH000011,TERM000031,CARD000268,5105103107427994,510510******7994,Olivia Dubois,08/27,262,5105103107427994=270820157016580,MASTERCARD,PURCHASE,406.24,124,CAD,5541,CONTACTLESS,580309,00,Approved,APPROVED,670209,016856471778,A,M,ACQ-TESTPOC-001,2026-08-15T15:53:43Z
813808d3-a512-4db3-be2c-243132e3f9c8,MERCH000003,TERM000006,CARD000080,4111118679087401,411111******7401,James Kowalski,05/30,391,4111118679087401=300520106518017,VISA,REFUND,762.94,756,CHF,5511,ECOM,837161,00,Approved,APPROVED,111886,586686119976,Z,P,ACQ-TESTPOC-001,2026-08-07T21:09:02Z
9fa3a16a-5654-4d36-8a06-5f4743b747e9,MERCH000019,TERM000047,CARD000365,4242427656360042,424242******0042,William Hernandez,12/27,777,4242427656360042=271220111837274,VISA,PURCHASE,405.54,978,EUR,4814,ECOM,505835,00,Approved,APPROVED,198800,458195657285,N,P,ACQ-TESTPOC-001,2026-08-20T05:17:48Z
c58c22f6-81dc-4a57-adff-b1fdf5c95620,MERCH000008,TERM000023,CARD000297,5555552466513643,555555******3643,David Rodriguez,11/29,936,5555552466513643=291120131230347,MASTERCARD,PURCHASE,136.18,036,AUD,5533,ECOM,217758,00,Approved,APPROVED,045418,158466879303,Y,N,ACQ-TESTPOC-001,2026-08-15T17:10:12Z
ba1c169f-1a77-494e-ad74-fcf2d0a1e59c,MERCH000017,TERM000041,CARD000105,30569382827424,305693****7424,Liam Martin,06/28,050,30569382827424=280620172368876,DINERS,VOID,504.06,756,CHF,5812,ECOM,345150,12,Invalid transaction,DECLINED,172602,528546130873,Y,U,ACQ-TESTPOC-001,2026-08-30T21:48:30Z
f2fbc381-ac87-4139-9e50-24e2ed6a7ee0,MERCH000005,TERM000012,CARD000328,6011119434681054,601111******1054,Lucas Lopez,11/29,101,6011119434681054=291120174907539,DISCOVER,VOID,807.66,826,GBP,5651,CONTACTLESS,771184,01,Refer to card issuer,DECLINED,147019,527863090071,N,M,ACQ-TESTPOC-001,2026-08-22T04:24:05Z
3153ffe3-69b3-49ea-992e-27699d357ede,MERCH000002,TERM000005,CARD000367,30569381647096,305693****7096,Priya Dubois,01/27,335,30569381647096=270120133106005,DINERS,PREAUTH,416.04,036,AUD,5422,CHIP,577719,00,Approved,APPROVED,874741,619971659656,Z,U,ACQ-TESTPOC-001,2026-08-09T03:50:48Z
b160d892-82f0-434b-a6b6-62555ffc318b,MERCH000014,TERM000035,CARD000021,3530116717565516,353011******5516,Fatima Singh,06/28,746,3530116717565516=280620180715451,JCB,VOID,166.36,124,CAD,5651,CONTACTLESS,009522,00,Approved,APPROVED,981644,426537932219,Y,P,ACQ-TESTPOC-001,2026-08-16T16:13:17Z
33bf4612-a05e-4bfe-a314-99f926d90910,MERCH000008,TERM000022,CARD000235,5105105046173571,510510******3571,Sofia Martinez,04/29,215,5105105046173571=290420103178078,MASTERCARD,VOID,358.71,124,CAD,5533,CHIP,579115,00,Approved,APPROVED,038946,101626008026,A,N,ACQ-TESTPOC-001,2026-09-05T00:15:42Z
4f2d6936-4b94-459a-bd2c-1e852b7a533c,MERCH000022,TERM000052,CARD000240,3530114562557704,353011******7704,Linda Lopez,08/27,772,3530114562557704=270820145992816,JCB,PURCHASE,188.34,124,CAD,5411,SWIPE,835719,54,Expired card,DECLINED,195969,149679146386,Z,P,ACQ-TESTPOC-001,2026-08-07T01:21:31Z
1b212974-a98f-4ff6-9529-dc29ed530554,MERCH000022,TERM000052,CARD000080,4111118679087401,411111******7401,James Kowalski,05/30,391,4111118679087401=300520106518017,VISA,PURCHASE,347.11,986,BRL,5411,CHIP,824685,00,Approved,APPROVED,276687,927240002086,Y,M,ACQ-TESTPOC-001,2026-09-05T05:54:29Z
92983bac-0d8c-40ea-9351-42f7cd02f246,MERCH000010,TERM000030,CARD000383,3530117691567163,353011******7163,Richard Singh,10/29,289,3530117691567163=291020180271487,JCB,PURCHASE,651.07,356,INR,5422,CHIP,271630,00,Approved,APPROVED,921811,335636930100,Y,M,ACQ-TESTPOC-001,2026-08-24T11:39:55Z
f2c926cd-5286-47c8-8661-b20cabfcfc01,MERCH000017,TERM000042,CARD000302,5555552756041776,555555******1776,Omar Andersson,06/30,124,5555552756041776=300620181569857,MASTERCARD,PURCHASE,4.02,702,SGD,5812,MANUAL,802835,00,Approved,APPROVED,732975,415892909304,N,U,ACQ-TESTPOC-001,2026-08-29T09:24:32Z
41e9c682-f161-4dfe-a153-091daff7bb62,MERCH000014,TERM000035,CARD000046,371449744905811,371449*****5811,Liam Johnson,08/29,0541,371449744905811=290820119986798,AMEX,VOID,22.00,986,BRL,5651,MANUAL,122681,00,Approved,APPROVED,365732,947470531105,U,N,ACQ-TESTPOC-001,2026-08-28T22:34:50Z
60e12767-9b62-4257-9ba3-831443bea5f0,MERCH000022,TERM000052,CARD000005,3530111769367630,353011******7630,James Andersson,11/28,163,3530111769367630=281120128708317,JCB,REFUND,381.24,484,MXN,5411,CONTACTLESS,218914,62,Restricted card,DECLINED,146728,693765016767,Y,U,ACQ-TESTPOC-001,2026-08-08T16:32:29Z
6cb38f96-2f69-47e9-820b-7a8f7f78d03f,MERCH000016,TERM000039,CARD000065,5555556471027671,555555******7671,Amara Martin,04/30,255,5555556471027671=300420156258815,MASTERCARD,PURCHASE,787.88,756,CHF,5431,SWIPE,850162,75,PIN tries exceeded,DECLINED,482229,629226667880,U,N,ACQ-TESTPOC-001,2026-08-14T19:25:09Z
f18b223d-4910-4062-b07b-ba316943df07,MERCH000015,TERM000037,CARD000044,2223002975161368,222300******1368,Jennifer Gonzalez,09/30,453,2223002975161368=300920152181883,MASTERCARD,REFUND,779.34,356,INR,5941,ECOM,890749,00,Approved,APPROVED,612087,359812559777,N,U,ACQ-TESTPOC-001,2026-08-05T23:07:40Z
49d85495-3acc-47f8-b890-60e20884cf28,MERCH000011,TERM000031,CARD000195,3530114722569961,353011******9961,David Hernandez,02/27,355,3530114722569961=270220144964759,JCB,PREAUTH,314.58,356,INR,5541,SWIPE,050141,00,Approved,APPROVED,810765,716578939129,A,U,ACQ-TESTPOC-001,2026-08-27T11:24:07Z
075b1eba-6786-42d8-9071-e9ea0aa403dd,MERCH000012,TERM000032,CARD000274,4000005927452384,400000******2384,Chidi Lopez,11/27,257,4000005927452384=271120182841067,VISA,PURCHASE,447.22,036,AUD,5511,CHIP,500924,00,Approved,APPROVED,282874,928787570302,U,N,ACQ-TESTPOC-001,2026-08-18T21:54:19Z
0a6fcb04-7af6-44d3-97e1-9d18eeab7b64,MERCH000001,TERM000001,CARD000053,4111112047277901,411111******7901,Thomas Miller,01/27,289,4111112047277901=270120186143410,VISA,VOID,431.59,986,BRL,5992,ECOM,074290,00,Approved,APPROVED,421003,952223369318,Y,U,ACQ-TESTPOC-001,2026-08-13T07:38:20Z
9fc4e3d2-1a97-4587-a049-05e0c38a3372,MERCH000006,TERM000016,CARD000007,2223008122362312,222300******2312,Amara Moore,07/30,760,2223008122362312=300720136690967,MASTERCARD,VOID,690.72,826,GBP,7011,CHIP,662497,00,Approved,APPROVED,381136,374057144695,Z,U,ACQ-TESTPOC-001,2026-08-10T20:19:48Z
014c0fff-05f1-43a5-8556-4cfb26e73be9,MERCH000009,TERM000026,CARD000369,4111110650637312,411111******7312,Sakura Lopez,11/29,013,4111110650637312=291120164971892,VISA,PURCHASE,549.40,392,JPY,5462,CONTACTLESS,345146,30,Format error,DECLINED,687149,688658348348,N,P,ACQ-TESTPOC-001,2026-08-23T18:02:29Z
cb376098-f685-4ae4-a1fb-d8e11e758398,MERCH000021,TERM000051,CARD000323,371449455084285,371449*****4285,Patricia Kim,12/27,7711,371449455084285=271220199180812,AMEX,REFUND,705.56,756,CHF,5431,CONTACTLESS,320775,00,Approved,APPROVED,550004,708943269834,A,N,ACQ-TESTPOC-001,2026-08-30T22:06:29Z
93141646-d3e7-4709-87ec-8e9653808127,MERCH000024,TERM000056,CARD000306,5105103626204437,510510******4437,Yuki Jackson,04/30,710,5105103626204437=300420172563669,MASTERCARD,VOID,648.92,840,USD,5422,CONTACTLESS,505092,00,Approved,APPROVED,557854,467200734293,U,M,ACQ-TESTPOC-001,2026-08-14T01:04:26Z
e80b121b-f139-494e-a79d-7346863d3a5e,MERCH000023,TERM000054,CARD000229,30569350209944,305693****9944,Patricia Brown,02/29,622,30569350209944=290220149998279,DINERS,PREAUTH,268.21,484,MXN,5812,MANUAL,503801,00,Approved,APPROVED,442195,258515020450,N,M,ACQ-TESTPOC-001,2026-08-28T12:28:02Z
a629d65b-cd60-4741-b971-ff525ed2e6f5,MERCH000010,TERM000028,CARD000176,4111117503731457,411111******1457,Susan Taylor,01/28,567,4111117503731457=280120170051844,VISA,PREAUTH,656.24,036,AUD,5422,ECOM,337953,00,Approved,APPROVED,082490,112359042652,Z,P,ACQ-TESTPOC-001,2026-08-29T09:51:02Z
18def266-2dd0-4251-ba97-3097179fde0d,MERCH000005,TERM000015,CARD000346,4242427911006513,424242******6513,Liam Johnson,01/28,496,4242427911006513=280120111080466,VISA,PURCHASE,44.39,702,SGD,5651,CONTACTLESS,383855,00,Approved,APPROVED,306766,514609193511,Z,P,ACQ-TESTPOC-001,2026-08-24T06:08:18Z
b62a5dff-1b4d-4430-aef6-e7bc4accf804,MERCH000012,TERM000032,CARD000161,30569399586690,305693****6690,Arjun Hernandez,05/28,472,30569399586690=280520126984858,DINERS,PURCHASE,785.31,840,USD,5511,CHIP,728167,00,Approved,APPROVED,209501,374612157562,Z,P,ACQ-TESTPOC-001,2026-08-11T14:45:16Z
4f70dac9-ee0f-407d-9097-3f1181ac4fcd,MERCH000004,TERM000009,CARD000386,4000004098366556,400000******6556,Hiroshi Jackson,09/28,316,4000004098366556=280920108752437,VISA,PREAUTH,829.38,356,INR,5941,CONTACTLESS,620990,00,Approved,APPROVED,444487,931963039951,Z,U,ACQ-TESTPOC-001,2026-08-23T11:27:44Z
4aa12d8e-e92e-4bbf-abb2-9766fbef9a88,MERCH000002,TERM000005,CARD000172,3530110878141415,353011******1415,Camila Thomas,12/28,552,3530110878141415=281220131491357,JCB,VOID,459.34,484,MXN,5422,CHIP,673123,00,Approved,APPROVED,294017,388804851420,N,P,ACQ-TESTPOC-001,2026-09-03T13:38:14Z
d97e60b9-83a2-4f41-8374-6e81411e2829,MERCH000020,TERM000048,CARD000206,3530118218274481,353011******4481,James Dubois,08/29,862,3530118218274481=290820109593518,JCB,PREAUTH,150.17,356,INR,5251,CHIP,134275,00,Approved,APPROVED,804371,576729911549,Y,P,ACQ-TESTPOC-001,2026-08-27T00:57:06Z
8b3ddb37-e5e3-45b9-bfa6-cac77f783eb7,MERCH000021,TERM000051,CARD000100,30569365610144,305693****0144,Sofia Moore,09/28,993,30569365610144=280920175679825,DINERS,PURCHASE,254.98,986,BRL,5431,SWIPE,531029,01,Refer to card issuer,DECLINED,507310,711506291792,Z,P,ACQ-TESTPOC-001,2026-08-08T09:26:06Z
bc7d8358-e598-45ea-913d-15c9d8de56aa,MERCH000003,TERM000007,CARD000110,4242428636374541,424242******4541,Mateus Jones,09/29,975,4242428636374541=290920100170127,VISA,PURCHASE,582.83,826,GBP,5511,ECOM,087392,51,Insufficient funds,DECLINED,164344,198369157376,Z,M,ACQ-TESTPOC-001,2026-08-09T06:27:53Z
d64b402e-7946-4ff1-a117-18f4ac6a5e71,MERCH000025,TERM000057,CARD000184,2223006213721388,222300******1388,Ava Martin,06/30,026,2223006213721388=300620101279611,MASTERCARD,PURCHASE,376.32,840,USD,5942,CONTACTLESS,991530,00,Approved,APPROVED,266648,450020268387,U,M,ACQ-TESTPOC-001,2026-08-31T17:27:17Z
79072eed-bd9d-4c87-9ca7-4b2f17ad1e81,MERCH000007,TERM000020,CARD000327,3530119756341088,353011******1088,William Taylor,07/29,843,3530119756341088=290720118848520,JCB,PURCHASE,385.25,756,CHF,5462,CHIP,304093,00,Approved,APPROVED,286410,675418236881,Y,M,ACQ-TESTPOC-001,2026-08-25T10:49:22Z
5ead8c19-7cdd-44ef-8b53-3bf47dca04ab,MERCH000008,TERM000023,CARD000229,30569350209944,305693****9944,Patricia Brown,02/29,622,30569350209944=290220149998279,DINERS,PURCHASE,207.89,978,EUR,5533,CONTACTLESS,018422,12,Invalid transaction,DECLINED,003063,138825320831,Z,M,ACQ-TESTPOC-001,2026-08-31T09:56:05Z
58d658d3-fae7-4295-91a1-a93ebde6a86b,MERCH000024,TERM000056,CARD000114,3530119940438980,353011******8980,Arjun Martinez,12/28,037,3530119940438980=281220161379180,JCB,PREAUTH,578.51,986,BRL,5422,ECOM,736907,00,Approved,APPROVED,785473,894767200052,Y,P,ACQ-TESTPOC-001,2026-08-23T11:44:26Z
e3c5d5df-be5b-4ddf-bff1-6f44c91906fc,MERCH000023,TERM000053,CARD000400,30569381609302,305693****9302,Ethan Kowalski,12/30,538,30569381609302=301220190972832,DINERS,REFUND,205.99,756,CHF,5812,CONTACTLESS,089512,00,Approved,APPROVED,227217,708511919445,A,P,ACQ-TESTPOC-001,2026-09-03T20:02:00Z
ac244135-70ae-4c16-9864-a736d1dbadf9,MERCH000014,TERM000036,CARD000242,5555552197199753,555555******9753,Barbara Martinez,08/27,619,5555552197199753=270820119657013,MASTERCARD,PURCHASE,510.43,978,EUR,5651,CONTACTLESS,713771,00,Approved,APPROVED,721523,886263956126,Z,U,ACQ-TESTPOC-001,2026-08-31T16:34:38Z
71adda93-8619-4318-92c1-f87ab2e13a3d,MERCH000018,TERM000043,CARD000013,3530116507527353,353011******7353,Sarah Andersson,06/29,948,3530116507527353=290620108313678,JCB,VOID,463.26,124,CAD,5411,SWIPE,740223,00,Approved,APPROVED,720781,461446627633,Y,P,ACQ-TESTPOC-001,2026-08-25T00:28:47Z
174cb57a-6961-44e2-a8d4-3fbac094a498,MERCH000022,TERM000052,CARD000037,3530112124998564,353011******8564,Lucas Martin,08/29,611,3530112124998564=290820183673657,JCB,PREAUTH,148.82,036,AUD,5411,CHIP,524831,00,Approved,APPROVED,630157,686364704656,U,U,ACQ-TESTPOC-001,2026-08-10T21:33:11Z
3d52d9df-97c3-47b1-abe7-e6a4e0c64147,MERCH000019,TERM000047,CARD000248,371449879565448,371449*****5448,Hiroshi Kowalski,01/28,4940,371449879565448=280120179290490,AMEX,PURCHASE,3.54,124,CAD,4814,SWIPE,379363,00,Approved,APPROVED,723617,159229127065,U,N,ACQ-TESTPOC-001,2026-08-07T11:46:36Z
5047b2ac-890f-400c-ac22-e45c7bb36910,MERCH000009,TERM000026,CARD000023,5555552480861317,555555******1317,Elizabeth Thomas,02/30,484,5555552480861317=300220167737826,MASTERCARD,PURCHASE,124.24,986,BRL,5462,CHIP,872282,05,Do not honor,DECLINED,294404,718301817960,Z,P,ACQ-TESTPOC-001,2026-08-07T03:56:36Z
68933f9f-332c-48c0-96c0-8d600a281d3e,MERCH000022,TERM000052,CARD000270,5555552538179332,555555******9332,Sarah Taylor,06/29,640,5555552538179332=290620115577881,MASTERCARD,REFUND,214.99,986,BRL,5411,CONTACTLESS,499799,04,Pick up card,DECLINED,059643,522171148656,A,M,ACQ-TESTPOC-001,2026-08-16T12:09:07Z
2651a42d-d181-4161-b0cb-72c2a26ce9bc,MERCH000018,TERM000043,CARD000005,3530111769367630,353011******7630,James Andersson,11/28,163,3530111769367630=281120128708317,JCB,VOID,726.18,986,BRL,5411,ECOM,563163,00,Approved,APPROVED,869364,129755726169,A,U,ACQ-TESTPOC-001,2026-08-23T09:28:47Z
96be7f01-df47-40e9-8776-8bc2a7849e1c,MERCH000007,TERM000021,CARD000288,6011111126691210,601111******1210,Amara Miller,04/29,961,6011111126691210=290420136749946,DISCOVER,PREAUTH,447.20,124,CAD,5462,ECOM,999068,51,Insufficient funds,DECLINED,993797,201307167532,Y,U,ACQ-TESTPOC-001,2026-08-20T09:54:24Z
0c10b5c3-906d-4d15-86ef-76c2199bc229,MERCH000008,TERM000023,CARD000216,2223003559042594,222300******2594,Elizabeth Anderson,10/30,033,2223003559042594=301020152110392,MASTERCARD,REFUND,522.22,710,ZAR,5533,CONTACTLESS,490049,00,Approved,APPROVED,875344,037295458583,A,U,ACQ-TESTPOC-001,2026-08-07T08:08:07Z
73bcd483-cc6e-49cc-ba81-4da29adfa50a,MERCH000008,TERM000022,CARD000079,371449851910885,371449*****0885,Ethan Jones,10/28,2587,371449851910885=281020113971870,AMEX,PURCHASE,124.53,826,GBP,5533,MANUAL,517419,00,Approved,APPROVED,734594,258147621236,Y,M,ACQ-TESTPOC-001,2026-08-21T03:13:47Z
d5c14873-1938-465f-979f-22a39461ff4c,MERCH000023,TERM000054,CARD000120,6011110617445185,601111******5185,Yuki Miller,01/30,494,6011110617445185=300120193759738,DISCOVER,REFUND,615.11,124,CAD,5812,CONTACTLESS,531563,00,Approved,APPROVED,813674,093079685909,Z,P,ACQ-TESTPOC-001,2026-08-17T16:43:38Z
bd03100b-4a2d-45a3-b3e8-617c5c2ba9d4,MERCH000012,TERM000032,CARD000070,2223008887947059,222300******7059,Linda Wilson,11/29,940,2223008887947059=291120197499309,MASTERCARD,VOID,519.98,702,SGD,5511,CHIP,177351,00,Approved,APPROVED,438867,681133973670,Z,N,ACQ-TESTPOC-001,2026-08-16T03:01:14Z
d852b13d-ebcf-417c-b5c0-6a58bcdcbf29,MERCH000004,TERM000011,CARD000337,4242420339937880,424242******7880,Sarah Johnson,02/30,578,4242420339937880=300220161706304,VISA,PREAUTH,260.48,826,GBP,5941,CHIP,241983,01,Refer to card issuer,DECLINED,850141,063236540181,A,P,ACQ-TESTPOC-001,2026-08-28T13:42:00Z
b00eff5d-77c9-49d8-ab75-96863da57be4,MERCH000009,TERM000026,CARD000152,3530111411739343,353011******9343,Fatima Martinez,06/28,208,3530111411739343=280620173753001,JCB,PURCHASE,837.48,986,BRL,5462,CHIP,435094,00,Approved,APPROVED,460553,651186156409,U,P,ACQ-TESTPOC-001,2026-08-11T18:04:06Z
e39438fe-007e-4eb8-bb46-5e9cd31a11d9,MERCH000004,TERM000010,CARD000254,371449465421402,371449*****1402,Amara Johnson,07/30,4427,371449465421402=300720117396271,AMEX,PURCHASE,762.77,978,EUR,5941,CHIP,542451,00,Approved,APPROVED,717621,908261103565,U,P,ACQ-TESTPOC-001,2026-08-25T05:20:26Z
4707de66-9a20-4f33-8e3d-a4e0deb38b40,MERCH000006,TERM000016,CARD000019,30569393618325,305693****8325,John Johnson,03/29,249,30569393618325=290320194717464,DINERS,PREAUTH,368.43,756,CHF,7011,CONTACTLESS,922953,00,Approved,APPROVED,242968,861941183909,N,P,ACQ-TESTPOC-001,2026-08-16T06:44:30Z
d2ad3083-605b-49c6-b630-2e1a6255a3f7,MERCH000005,TERM000014,CARD000335,5555553971895699,555555******5699,Mary Hernandez,08/27,626,5555553971895699=270820108564111,MASTERCARD,PREAUTH,151.85,986,BRL,5651,CHIP,463348,00,Approved,APPROVED,564970,933437518669,A,M,ACQ-TESTPOC-001,2026-08-16T07:42:00Z
2dafbd47-359e-404f-b35b-363dd9217058,MERCH000017,TERM000041,CARD000398,4111114082226942,411111******6942,Yuki Singh,12/27,396,4111114082226942=271220172757844,VISA,PURCHASE,618.61,124,CAD,5812,CONTACTLESS,928550,00,Approved,APPROVED,471614,435095288959,A,U,ACQ-TESTPOC-001,2026-08-11T00:08:42Z
055fa7db-628b-4e0c-beef-9ce438a0df4d,MERCH000021,TERM000050,CARD000128,4000004078593211,400000******3211,Jessica Rodriguez,11/28,803,4000004078593211=281120196522395,VISA,PURCHASE,241.59,756,CHF,5431,CONTACTLESS,917650,00,Approved,APPROVED,271176,718830099542,U,U,ACQ-TESTPOC-001,2026-08-17T22:08:03Z
40da0bda-d325-493c-b407-ead68a4e4091,MERCH000007,TERM000020,CARD000146,4111118241724820,411111******4820,Jennifer Davis,11/29,534,4111118241724820=291120165549471,VISA,PURCHASE,439.38,756,CHF,5462,CONTACTLESS,798994,00,Approved,APPROVED,479183,061706901497,Y,M,ACQ-TESTPOC-001,2026-08-12T12:20:19Z
b8e9f7f0-fe1d-4407-9ebc-36c5a39922d4,MERCH000001,TERM000002,CARD000269,378282498931953,378282*****1953,Yuki Andersson,09/27,0165,378282498931953=270920179055281,AMEX,PURCHASE,408.89,756,CHF,5992,CONTACTLESS,650518,00,Approved,APPROVED,763333,860167449234,N,P,ACQ-TESTPOC-001,2026-08-27T13:00:32Z
02a01a85-4dbe-4e5f-95b3-fd811b62394b,MERCH000020,TERM000049,CARD000295,5105100496391914,510510******1914,John Jackson,05/29,876,5105100496391914=290520135148468,MASTERCARD,PURCHASE,276.25,036,AUD,5251,ECOM,566937,91,Issuer or switch inoperative,DECLINED,359824,402428617892,A,U,ACQ-TESTPOC-001,2026-08-20T01:58:04Z
4e9ed0e1-6c77-4193-9783-32af92e68da4,MERCH000004,TERM000010,CARD000018,4000009133412323,400000******2323,James Wilson,03/27,797,4000009133412323=270320140344713,VISA,REFUND,730.52,986,BRL,5941,CONTACTLESS,762648,91,Issuer or switch inoperative,DECLINED,827940,163849368063,A,P,ACQ-TESTPOC-001,2026-08-09T07:38:57Z
fac23bc5-9dae-4612-9e2a-64be97eea161,MERCH000008,TERM000022,CARD000369,4111110650637312,411111******7312,Sakura Lopez,11/29,013,4111110650637312=291120164971892,VISA,REFUND,373.94,826,GBP,5533,CONTACTLESS,951930,00,Approved,APPROVED,795965,485277586703,Z,P,ACQ-TESTPOC-001,2026-08-10T09:58:11Z
a0ee26de-48a6-4fa7-9603-9326380ac903,MERCH000014,TERM000034,CARD000027,4242426117240058,424242******0058,Wei Lopez,05/27,623,4242426117240058=270520186922219,VISA,PURCHASE,578.32,036,AUD,5651,ECOM,946896,00,Approved,APPROVED,783504,331812335761,Z,M,ACQ-TESTPOC-001,2026-08-06T05:12:33Z
7c4c48cf-80fc-4c72-a9e9-17969576968e,MERCH000015,TERM000037,CARD000064,6011112992299591,601111******9591,Jennifer Johnson,01/27,943,6011112992299591=270120196907844,DISCOVER,PURCHASE,392.86,710,ZAR,5941,CHIP,626367,54,Expired card,DECLINED,564325,508989774759,A,P,ACQ-TESTPOC-001,2026-08-07T21:40:43Z
72d2a331-6078-42f0-b688-0bafee24d2a8,MERCH000021,TERM000050,CARD000147,4000009991738165,400000******8165,Patricia Muller,07/29,223,4000009991738165=290720156972521,VISA,PURCHASE,721.33,392,JPY,5431,ECOM,740376,00,Approved,APPROVED,488354,687404207675,Y,P,ACQ-TESTPOC-001,2026-08-09T19:14:39Z
a90f1e64-bd4e-4513-94b6-3b0c8b6c1d50,MERCH000020,TERM000049,CARD000180,4111119298425790,411111******5790,Priya Gonzalez,04/27,210,4111119298425790=270420138862912,VISA,PREAUTH,651.78,710,ZAR,5251,MANUAL,309900,00,Approved,APPROVED,674601,094065658234,A,P,ACQ-TESTPOC-001,2026-08-30T02:54:56Z
e3448b59-1ac0-46ee-987d-eb47d5c4cfc7,MERCH000008,TERM000024,CARD000336,4111114224124625,411111******4625,Chidi Garcia,10/27,004,4111114224124625=271020161526546,VISA,VOID,776.81,826,GBP,5533,ECOM,266000,00,Approved,APPROVED,272869,709110349561,Y,U,ACQ-TESTPOC-001,2026-08-14T22:36:45Z
cb0636a9-b7c3-4d3b-bdc8-7182ed4e376a,MERCH000011,TERM000031,CARD000045,2223005231243292,222300******3292,John Garcia,11/28,779,2223005231243292=281120197995527,MASTERCARD,PURCHASE,636.80,124,CAD,5541,MANUAL,466144,00,Approved,APPROVED,493233,761868704796,Z,U,ACQ-TESTPOC-001,2026-08-19T08:16:04Z
27fa4a69-d15c-4d98-a0fd-747f63c59991,MERCH000018,TERM000043,CARD000363,3530117779014757,353011******4757,Sakura Santos,07/29,263,3530117779014757=290720129676291,JCB,REFUND,344.09,392,JPY,5411,SWIPE,508914,01,Refer to card issuer,DECLINED,753222,233029276405,A,U,ACQ-TESTPOC-001,2026-08-17T11:12:37Z
f90632c7-9f11-43d3-9a68-b34bdd818114,MERCH000022,TERM000052,CARD000320,371449308069582,371449*****9582,Fatima Andersson,05/27,7179,371449308069582=270520157602437,AMEX,PURCHASE,47.52,036,AUD,5411,CHIP,186604,00,Approved,APPROVED,508091,473389147852,A,U,ACQ-TESTPOC-001,2026-08-18T22:48:02Z
8c009d1b-921e-4757-b6d6-51fcdc91e035,MERCH000010,TERM000029,CARD000066,371449147321046,371449*****1046,Fatima Davis,10/30,2595,371449147321046=301020132787747,AMEX,PREAUTH,15.17,978,EUR,5422,MANUAL,238735,00,Approved,APPROVED,086074,866477413135,Y,N,ACQ-TESTPOC-001,2026-09-05T05:39:22Z
e99bbd37-0f9e-4365-9fca-75e6bc4feb43,MERCH000001,TERM000002,CARD000182,378282247314980,378282*****4980,Richard Smith,05/30,0981,378282247314980=300520180635651,AMEX,REFUND,656.81,756,CHF,5992,MANUAL,153988,61,Exceeds withdrawal amount limit,DECLINED,382394,217895599098,A,M,ACQ-TESTPOC-001,2026-08-20T00:47:43Z
86e2bea6-9084-4b81-b796-7cd51bc862ee,MERCH000006,TERM000017,CARD000170,6011111449147668,601111******7668,David Moore,08/27,326,6011111449147668=270820184245088,DISCOVER,PURCHASE,320.89,978,EUR,7011,MANUAL,923831,91,Issuer or switch inoperative,DECLINED,616139,348918003814,Z,N,ACQ-TESTPOC-001,2026-08-24T19:06:04Z
170f7ca5-cec4-4e54-b961-184e3bfd7d5a,MERCH000009,TERM000026,CARD000361,4000002316433489,400000******3489,Patricia Lopez,08/27,802,4000002316433489=270820156621286,VISA,PURCHASE,517.42,702,SGD,5462,SWIPE,730912,00,Approved,APPROVED,066389,852734114613,N,M,ACQ-TESTPOC-001,2026-08-17T06:40:02Z
230c9b58-e77a-48d1-bdfd-41cb7fbe0aa6,MERCH000011,TERM000031,CARD000186,30569305302141,305693****2141,Arjun Gonzalez,06/30,938,30569305302141=300620101184895,DINERS,PURCHASE,50.99,124,CAD,5541,CONTACTLESS,077811,00,Approved,APPROVED,937115,096598455766,N,P,ACQ-TESTPOC-001,2026-08-30T10:55:40Z
db889974-a60a-4c20-b5bd-37a00e7c7221,MERCH000011,TERM000031,CARD000062,2223007829114679,222300******4679,Mateus Williams,07/30,251,2223007829114679=300720177852892,MASTERCARD,REFUND,121.01,978,EUR,5541,MANUAL,945206,00,Approved,APPROVED,321688,191061669100,U,N,ACQ-TESTPOC-001,2026-08-10T18:12:49Z
add03378-f146-4516-b565-687dbe715fa6,MERCH000006,TERM000017,CARD000069,4111113986800026,411111******0026,Sofia Anderson,08/29,298,4111113986800026=290820125952694,VISA,PURCHASE,700.77,756,CHF,7011,CHIP,175626,00,Approved,APPROVED,876251,996208347910,Y,P,ACQ-TESTPOC-001,2026-08-10T12:52:35Z
678911d8-dcf9-47cb-a5e5-b730711dfeae,MERCH000019,TERM000045,CARD000072,2223007865278586,222300******8586,Thomas Martin,11/29,733,2223007865278586=291120148434437,MASTERCARD,PURCHASE,299.59,986,BRL,4814,MANUAL,287032,65,Exceeds withdrawal frequency limit,DECLINED,152848,007485972438,Z,M,ACQ-TESTPOC-001,2026-08-14T15:19:01Z
af1c103e-79f7-4fcf-9667-642d065e0f89,MERCH000005,TERM000014,CARD000046,371449744905811,371449*****5811,Liam Johnson,08/29,0541,371449744905811=290820119986798,AMEX,REFUND,282.17,840,USD,5651,MANUAL,028606,04,Pick up card,DECLINED,046051,480224065474,Z,U,ACQ-TESTPOC-001,2026-08-27T01:48:03Z
054d41f6-34cf-4584-9055-1b1a557381bd,MERCH000023,TERM000054,CARD000022,378282808760381,378282*****0381,Emma Okafor,10/29,7034,378282808760381=291020182477109,AMEX,PREAUTH,427.77,986,BRL,5812,SWIPE,856643,57,Transaction not permitted to cardholder,DECLINED,036990,165562388788,U,U,ACQ-TESTPOC-001,2026-08-13T17:58:44Z
5cb08ac9-cf57-4445-a07b-44621ea24118,MERCH000024,TERM000056,CARD000178,6011114322259139,601111******9139,Linda Thomas,06/30,773,6011114322259139=300620192603029,DISCOVER,PURCHASE,63.88,124,CAD,5422,ECOM,062290,00,Approved,APPROVED,927697,113860479471,U,M,ACQ-TESTPOC-001,2026-08-22T13:01:21Z
5a83e429-8085-4f6b-b701-549d823b0d7f,MERCH000007,TERM000018,CARD000107,6011115807836135,601111******6135,Liam Rodriguez,01/29,517,6011115807836135=290120113395962,DISCOVER,VOID,499.25,356,INR,5462,CONTACTLESS,382944,04,Pick up card,DECLINED,076984,914790534728,N,P,ACQ-TESTPOC-001,2026-08-26T08:11:14Z
93fa3641-3b74-48f2-b488-ab649e8dcf45,MERCH000003,TERM000007,CARD000243,4111119022784694,411111******4694,Susan Nakamura,04/30,549,4111119022784694=300420146519098,VISA,PREAUTH,188.68,702,SGD,5511,ECOM,670848,00,Approved,APPROVED,796015,868656292582,N,N,ACQ-TESTPOC-001,2026-08-29T15:56:08Z
e1afc9c0-46e8-44d3-8dc3-c57c86d8d4b8,MERCH000023,TERM000053,CARD000390,4111110185962631,411111******2631,Jessica Gonzalez,02/27,749,4111110185962631=270220126176475,VISA,PURCHASE,179.01,392,JPY,5812,SWIPE,856846,00,Approved,APPROVED,508515,678096458374,A,P,ACQ-TESTPOC-001,2026-08-12T08:26:47Z
70592237-ca9b-441b-84e1-0978b4fb52a6,MERCH000019,TERM000046,CARD000172,3530110878141415,353011******1415,Camila Thomas,12/28,552,3530110878141415=281220131491357,JCB,PURCHASE,797.05,978,EUR,4814,CONTACTLESS,592897,00,Approved,APPROVED,287873,874114862675,Y,M,ACQ-TESTPOC-001,2026-09-01T09:45:38Z
5bae1358-a7ee-40de-ade3-6fcd19026c59,MERCH000020,TERM000049,CARD000218,4000004394070167,400000******0167,Yuki Muller,11/29,104,4000004394070167=291120163681579,VISA,PURCHASE,669.27,392,JPY,5251,MANUAL,564196,00,Approved,APPROVED,462002,896300935820,Y,U,ACQ-TESTPOC-001,2026-08-28T01:45:43Z
691b7a14-0099-420c-9432-afe1ae2c0e21,MERCH000007,TERM000018,CARD000044,2223002975161368,222300******1368,Jennifer Gonzalez,09/30,453,2223002975161368=300920152181883,MASTERCARD,PURCHASE,132.79,986,BRL,5462,CHIP,284834,00,Approved,APPROVED,809808,927668098460,Y,M,ACQ-TESTPOC-001,2026-08-11T12:39:24Z
e715233e-b399-4504-b072-bf0cedfaf022,MERCH000009,TERM000026,CARD000105,30569382827424,305693****7424,Liam Martin,06/28,050,30569382827424=280620172368876,DINERS,PURCHASE,740.03,392,JPY,5462,ECOM,358667,00,Approved,APPROVED,109394,554460539260,U,U,ACQ-TESTPOC-001,2026-08-30T02:25:00Z
3b6220cd-2c47-47b9-843a-567665fd1593,MERCH000016,TERM000039,CARD000383,3530117691567163,353011******7163,Richard Singh,10/29,289,3530117691567163=291020180271487,JCB,PURCHASE,41.82,826,GBP,5431,ECOM,364991,00,Approved,APPROVED,112287,928567285021,A,P,ACQ-TESTPOC-001,2026-08-09T23:19:16Z
caff9b73-051a-4a0e-b965-3c67f0815e0b,MERCH000024,TERM000055,CARD000286,371449592712566,371449*****2566,Lucas Davis,04/30,6151,371449592712566=300420171827548,AMEX,PURCHASE,467.12,392,JPY,5422,CHIP,626439,00,Approved,APPROVED,388791,678446078907,A,M,ACQ-TESTPOC-001,2026-08-29T11:16:29Z
3ff2724c-22d3-4817-a11d-eba2e1cfde5e,MERCH000022,TERM000052,CARD000311,371449150416592,371449*****6592,Elizabeth Smith,06/27,1777,371449150416592=270620149050975,AMEX,PREAUTH,131.05,978,EUR,5411,ECOM,441492,00,Approved,APPROVED,355523,316498283859,Z,P,ACQ-TESTPOC-001,2026-08-20T09:30:30Z
ee606094-9ce8-4be6-9e87-d90376d61ba6,MERCH000015,TERM000037,CARD000223,30569352677221,305693****7221,Robert Wilson,04/28,046,30569352677221=280420133312797,DINERS,PURCHASE,409.72,840,USD,5941,CONTACTLESS,494343,00,Approved,APPROVED,803036,687715692209,A,M,ACQ-TESTPOC-001,2026-08-24T23:10:40Z
1d2a6ec5-64aa-4381-86cd-387ff83d2d92,MERCH000016,TERM000039,CARD000356,3530115677665753,353011******5753,Mary Garcia,07/29,734,3530115677665753=290720115148881,JCB,PURCHASE,505.09,392,JPY,5431,CHIP,001154,00,Approved,APPROVED,484802,734943148722,A,P,ACQ-TESTPOC-001,2026-08-29T02:04:53Z
2cd49a31-5304-43b9-b5cc-d3fe734af742,MERCH000015,TERM000037,CARD000206,3530118218274481,353011******4481,James Dubois,08/29,862,3530118218274481=290820109593518,JCB,PURCHASE,539.16,702,SGD,5941,CHIP,685573,00,Approved,APPROVED,649670,523285558095,Z,P,ACQ-TESTPOC-001,2026-08-28T08:45:39Z
71a6292e-ef7e-4c22-9d8b-e0fb7be19721,MERCH000016,TERM000039,CARD000257,371449432806347,371449*****6347,Wei Thomas,02/30,1732,371449432806347=300220103093761,AMEX,PURCHASE,657.63,356,INR,5431,ECOM,136233,00,Approved,APPROVED,777690,470407146971,A,U,ACQ-TESTPOC-001,2026-09-01T15:33:35Z
0ab682e9-5fc5-4f4c-bd9a-efe488212e2e,MERCH000022,TERM000052,CARD000369,4111110650637312,411111******7312,Sakura Lopez,11/29,013,4111110650637312=291120164971892,VISA,REFUND,606.88,392,JPY,5411,CONTACTLESS,083745,00,Approved,APPROVED,748562,601703961017,A,M,ACQ-TESTPOC-001,2026-08-10T13:44:42Z
19475bd2-4677-4aa5-98b6-a2c0c613b20c,MERCH000022,TERM000052,CARD000389,30569329277428,305693****7428,Richard Kowalski,04/28,059,30569329277428=280420112662015,DINERS,PREAUTH,487.29,710,ZAR,5411,CONTACTLESS,907869,65,Exceeds withdrawal frequency limit,DECLINED,186749,855162159389,Z,U,ACQ-TESTPOC-001,2026-09-01T21:12:58Z
7c208d82-17a5-405c-b8aa-bb60b17478b5,MERCH000013,TERM000033,CARD000181,3530119088117297,353011******7297,Omar Taylor,11/27,650,3530119088117297=271120186376599,JCB,PREAUTH,676.45,986,BRL,5941,SWIPE,960707,00,Approved,APPROVED,134309,288341335139,Y,M,ACQ-TESTPOC-001,2026-08-29T22:28:45Z
4e8b9ba1-f2e3-47bf-95f2-7d6f9e5d58fb,MERCH000009,TERM000026,CARD000025,371449533963609,371449*****3609,Noah Singh,12/29,6627,371449533963609=291220102895171,AMEX,REFUND,540.33,710,ZAR,5462,CHIP,663579,00,Approved,APPROVED,434159,714803007356,A,N,ACQ-TESTPOC-001,2026-08-16T21:01:06Z
1b550d0d-05ba-4c1a-a9ac-a71765fce54e,MERCH000013,TERM000033,CARD000263,4000003127722003,400000******2003,Susan Wilson,05/29,459,4000003127722003=290520170108220,VISA,REFUND,400.77,702,SGD,5941,CONTACTLESS,128866,00,Approved,APPROVED,984585,911223214252,Z,M,ACQ-TESTPOC-001,2026-08-31T01:48:18Z
8f9fd251-3fe4-44e5-92f4-3bfe78eb2e0d,MERCH000004,TERM000011,CARD000329,30569389354497,305693****4497,Priya Taylor,12/28,315,30569389354497=281220189357126,DINERS,PURCHASE,735.51,484,MXN,5941,MANUAL,574465,51,Insufficient funds,DECLINED,734072,325544118185,Y,N,ACQ-TESTPOC-001,2026-08-18T17:08:51Z
15a6275f-3fd5-4574-9278-71865025b505,MERCH000013,TERM000033,CARD000097,4242422406596573,424242******6573,Hiroshi Jones,07/29,459,4242422406596573=290720137526547,VISA,PREAUTH,470.17,124,CAD,5941,ECOM,819376,00,Approved,APPROVED,537910,418471462201,A,N,ACQ-TESTPOC-001,2026-08-20T11:16:39Z
74667173-6610-43ca-b219-24c99247f202,MERCH000007,TERM000019,CARD000166,3530118515832817,353011******2817,Ethan Moore,07/28,615,3530118515832817=280720133555439,JCB,PURCHASE,144.47,710,ZAR,5462,CONTACTLESS,030876,00,Approved,APPROVED,964830,477090676183,Z,U,ACQ-TESTPOC-001,2026-08-28T10:02:54Z
422cb27b-1b9b-45f8-bcc5-18d737f8b483,MERCH000005,TERM000014,CARD000002,378282556981692,378282*****1692,Robert Singh,05/28,6088,378282556981692=280520135615951,AMEX,PURCHASE,541.40,978,EUR,5651,CHIP,720488,00,Approved,APPROVED,886629,868041869303,N,U,ACQ-TESTPOC-001,2026-08-20T22:18:30Z
06f7f8d9-184f-4e90-a57a-d3aa0026e877,MERCH000010,TERM000030,CARD000169,4242420248193468,424242******3468,Arjun Wilson,08/30,506,4242420248193468=300820118091901,VISA,REFUND,93.70,036,AUD,5422,CHIP,605390,00,Approved,APPROVED,405697,490970342519,Z,M,ACQ-TESTPOC-001,2026-08-10T23:43:21Z
d929f66b-6b47-4aeb-894e-75bb0c9a9f57,MERCH000004,TERM000008,CARD000378,5105108869461198,510510******1198,Sarah Kowalski,03/29,364,5105108869461198=290320102701168,MASTERCARD,PURCHASE,844.46,756,CHF,5941,SWIPE,670742,00,Approved,APPROVED,123591,531936252602,N,M,ACQ-TESTPOC-001,2026-08-09T00:24:24Z
b2513468-69c3-489a-8be9-a7f467254916,MERCH000014,TERM000036,CARD000377,2223000249724391,222300******4391,Linda Dubois,01/28,166,2223000249724391=280120191836264,MASTERCARD,REFUND,673.97,392,JPY,5651,CHIP,293358,00,Approved,APPROVED,242001,843910657351,Z,P,ACQ-TESTPOC-001,2026-08-07T11:24:15Z
9c768e49-8017-44bf-b191-fc9bc7234a86,MERCH000011,TERM000031,CARD000194,2223004558845060,222300******5060,Hiroshi Miller,06/27,998,2223004558845060=270620124558771,MASTERCARD,PURCHASE,23.07,978,EUR,5541,ECOM,140128,01,Refer to card issuer,DECLINED,256422,319558979903,A,U,ACQ-TESTPOC-001,2026-08-18T05:10:16Z
4f48b7f1-d74f-4db4-bfc3-216f6e703d44,MERCH000004,TERM000011,CARD000253,5105104300910935,510510******0935,Linda Williams,12/27,926,5105104300910935=271220192124471,MASTERCARD,PURCHASE,349.77,392,JPY,5941,CHIP,941246,00,Approved,APPROVED,005046,516483895337,Z,P,ACQ-TESTPOC-001,2026-09-02T20:15:59Z
69361880-5fa2-479e-b7d1-7e795805ecf4,MERCH000004,TERM000011,CARD000392,6011112606888714,601111******8714,Linda Garcia,04/27,920,6011112606888714=270420187510293,DISCOVER,PURCHASE,729.19,756,CHF,5941,CONTACTLESS,434597,54,Expired card,DECLINED,709175,317303324967,A,U,ACQ-TESTPOC-001,2026-08-09T23:30:31Z
46748683-5307-4662-918e-258b12f848d9,MERCH000009,TERM000027,CARD000060,5105103102786816,510510******6816,Liam Miller,05/29,947,5105103102786816=290520131217271,MASTERCARD,REFUND,730.11,356,INR,5462,CONTACTLESS,731815,00,Approved,APPROVED,405816,054270799594,Z,U,ACQ-TESTPOC-001,2026-08-12T11:40:26Z
1d572abb-689c-4366-816d-f8e6ccb9a147,MERCH000004,TERM000008,CARD000056,30569327722177,305693****2177,Richard Johnson,05/27,305,30569327722177=270520148687403,DINERS,PREAUTH,308.39,710,ZAR,5941,ECOM,565728,00,Approved,APPROVED,592733,722693485403,U,M,ACQ-TESTPOC-001,2026-09-03T20:23:30Z
791c7471-aef8-4cb6-b5a7-a575e190a072,MERCH000020,TERM000049,CARD000351,4000005015081244,400000******1244,Camila Kim,04/30,500,4000005015081244=300420133423425,VISA,PURCHASE,716.58,840,USD,5251,ECOM,992613,05,Do not honor,DECLINED,544633,268709777795,Z,M,ACQ-TESTPOC-001,2026-08-23T19:05:38Z
8f0578af-1674-4e65-b540-3c4027665443,MERCH000025,TERM000057,CARD000292,4000006479695453,400000******5453,Camila Johnson,01/27,255,4000006479695453=270120190561655,VISA,PREAUTH,501.28,710,ZAR,5942,MANUAL,711073,00,Approved,APPROVED,374960,128962206824,N,N,ACQ-TESTPOC-001,2026-08-17T22:50:36Z
2707e634-996c-4224-8bad-4291fe8bdd43,MERCH000008,TERM000023,CARD000351,4000005015081244,400000******1244,Camila Kim,04/30,500,4000005015081244=300420133423425,VISA,PURCHASE,501.39,484,MXN,5533,CONTACTLESS,460606,00,Approved,APPROVED,593492,430695235786,A,N,ACQ-TESTPOC-001,2026-08-06T04:56:10Z
aade097c-0a39-4cc7-a84b-3b31146c1345,MERCH000020,TERM000049,CARD000047,4000007935978202,400000******8202,Amara Singh,02/30,182,4000007935978202=300220103778892,VISA,PURCHASE,29.02,840,USD,5251,MANUAL,448854,00,Approved,APPROVED,557536,753119804255,A,N,ACQ-TESTPOC-001,2026-08-31T19:38:45Z
305529cf-2989-428f-befe-30c26d493459,MERCH000017,TERM000040,CARD000166,3530118515832817,353011******2817,Ethan Moore,07/28,615,3530118515832817=280720133555439,JCB,VOID,311.02,826,GBP,5812,CHIP,786887,96,System malfunction,DECLINED,570799,602039221317,Y,M,ACQ-TESTPOC-001,2026-08-28T21:33:12Z
be40b987-f7a5-4328-a5fc-78e0fd1ad6ee,MERCH000020,TERM000049,CARD000287,4000001571647940,400000******7940,Ava Wilson,04/30,463,4000001571647940=300420117520716,VISA,REFUND,562.90,484,MXN,5251,MANUAL,798728,75,PIN tries exceeded,DECLINED,521208,314249562917,U,U,ACQ-TESTPOC-001,2026-08-23T22:00:47Z
2b80aaf8-7453-4cba-a29d-de1db7e537aa,MERCH000010,TERM000029,CARD000059,3530117021355693,353011******5693,Elizabeth Nakamura,10/27,755,3530117021355693=271020171928565,JCB,PURCHASE,473.64,356,INR,5422,CONTACTLESS,005102,12,Invalid transaction,DECLINED,552674,745120220175,A,P,ACQ-TESTPOC-001,2026-08-23T11:44:48Z
00b07400-58f9-4174-a238-ac97d562f55b,MERCH000009,TERM000026,CARD000204,378282300979257,378282*****9257,David Thomas,04/27,1950,378282300979257=270420105281273,AMEX,VOID,58.86,702,SGD,5462,CONTACTLESS,662750,00,Approved,APPROVED,817804,152697442036,Y,U,ACQ-TESTPOC-001,2026-08-27T19:28:21Z
8940611a-f4b3-4c2d-814c-8f2295e29a90,MERCH000018,TERM000044,CARD000150,2223006257532600,222300******2600,William Miller,04/28,098,2223006257532600=280420121506489,MASTERCARD,PURCHASE,487.36,840,USD,5411,SWIPE,723836,00,Approved,APPROVED,560892,060145792326,Z,M,ACQ-TESTPOC-001,2026-08-12T18:00:09Z
7b336a56-9701-4716-994f-891a91812fea,MERCH000009,TERM000027,CARD000257,371449432806347,371449*****6347,Wei Thomas,02/30,1732,371449432806347=300220103093761,AMEX,PREAUTH,310.87,978,EUR,5462,CHIP,967972,00,Approved,APPROVED,029054,925192018285,N,N,ACQ-TESTPOC-001,2026-08-14T08:20:20Z
2f4bef85-24f2-41af-85b0-f8da6009119c,MERCH000008,TERM000023,CARD000290,5105109911877340,510510******7340,Lucas Rodriguez,08/30,858,5105109911877340=300820180061675,MASTERCARD,REFUND,641.10,124,CAD,5533,CONTACTLESS,829158,00,Approved,APPROVED,983468,551163971492,Y,U,ACQ-TESTPOC-001,2026-08-22T11:06:43Z
069eb3c1-99b1-4efe-9356-926f460100eb,MERCH000011,TERM000031,CARD000155,4111111697972969,411111******2969,Mary Muller,10/29,277,4111111697972969=291020116701450,VISA,PURCHASE,477.53,036,AUD,5541,MANUAL,396262,61,Exceeds withdrawal amount limit,DECLINED,362625,918831249773,Z,U,ACQ-TESTPOC-001,2026-08-14T08:09:41Z
ac1d4ac0-e54e-4a01-8967-b546daaa2009,MERCH000016,TERM000038,CARD000385,3530119156686330,353011******6330,Charles Williams,02/29,115,3530119156686330=290220193195256,JCB,VOID,750.96,986,BRL,5431,CONTACTLESS,978729,00,Approved,APPROVED,909125,657156438029,U,M,ACQ-TESTPOC-001,2026-08-28T02:47:20Z
44e0e732-23d1-4bef-980c-b5eb7991ba47,MERCH000025,TERM000057,CARD000139,4111112999119143,411111******9143,Thomas Gonzalez,07/29,799,4111112999119143=290720170246299,VISA,REFUND,249.77,826,GBP,5942,MANUAL,600094,00,Approved,APPROVED,009944,916573762426,Z,N,ACQ-TESTPOC-001,2026-08-06T18:18:59Z
e76c67af-32b4-449f-8f81-cdf6b6653fa3,MERCH000005,TERM000014,CARD000134,3530119706296200,353011******6200,Susan Miller,06/27,688,3530119706296200=270620144431069,JCB,REFUND,197.06,484,MXN,5651,MANUAL,140152,00,Approved,APPROVED,489434,311722641475,Z,M,ACQ-TESTPOC-001,2026-08-17T07:00:58Z
e0d44d81-673a-4337-835f-e6f843efcdd4,MERCH000001,TERM000001,CARD000268,5105103107427994,510510******7994,Olivia Dubois,08/27,262,5105103107427994=270820157016580,MASTERCARD,REFUND,832.08,124,CAD,5992,SWIPE,474229,30,Format error,DECLINED,564872,359667715390,N,N,ACQ-TESTPOC-001,2026-08-28T07:01:21Z
22922e96-e9c0-4b21-bfd4-c7727444f310,MERCH000014,TERM000034,CARD000380,30569391214168,305693****4168,John Hernandez,05/27,093,30569391214168=270520177100409,DINERS,PREAUTH,10.00,392,JPY,5651,CHIP,299090,00,Approved,APPROVED,737328,064761442787,N,P,ACQ-TESTPOC-001,2026-08-26T21:13:11Z
7ab3c5b7-cd69-4153-8ee5-6dc2cbfb5729,MERCH000011,TERM000031,CARD000338,3530111382496717,353011******6717,Yuki Moore,03/28,238,3530111382496717=280320168700794,JCB,PURCHASE,212.05,986,BRL,5541,SWIPE,792067,00,Approved,APPROVED,996529,549393439690,A,P,ACQ-TESTPOC-001,2026-08-06T10:14:02Z
15fc9edf-70fe-4159-b4c0-ebef47e40eec,MERCH000007,TERM000019,CARD000353,4111112338655963,411111******5963,Sakura Jackson,01/28,384,4111112338655963=280120125304289,VISA,PURCHASE,284.88,124,CAD,5462,CHIP,813307,00,Approved,APPROVED,243734,453302364122,A,U,ACQ-TESTPOC-001,2026-08-25T06:27:30Z
3a575e27-b9fa-469b-b8d6-19c030d8e1db,MERCH000009,TERM000026,CARD000325,2223006532863267,222300******3267,Olivia Muller,07/30,850,2223006532863267=300720172081155,MASTERCARD,PURCHASE,134.53,710,ZAR,5462,CHIP,505160,01,Refer to card issuer,DECLINED,131610,325107155587,Y,P,ACQ-TESTPOC-001,2026-08-17T18:36:48Z
5d54b020-c0a0-48b3-894d-bd4a5c99c281,MERCH000021,TERM000050,CARD000140,378282065307454,378282*****7454,Karen Martinez,06/27,4713,378282065307454=270620124754691,AMEX,PURCHASE,254.98,986,BRL,5431,CONTACTLESS,411992,43,Stolen card,DECLINED,389373,512538078191,N,P,ACQ-TESTPOC-001,2026-09-01T07:02:19Z
89001f1f-358e-4b55-89ac-34ef267775cb,MERCH000001,TERM000003,CARD000367,30569381647096,305693****7096,Priya Dubois,01/27,335,30569381647096=270120133106005,DINERS,PURCHASE,791.93,036,AUD,5992,SWIPE,715755,00,Approved,APPROVED,520279,166328246306,Y,U,ACQ-TESTPOC-001,2026-08-13T04:13:16Z
72356fe8-b47f-40fb-bd6c-379985ac78e5,MERCH000005,TERM000012,CARD000344,4242428775803045,424242******3045,Liam Hernandez,09/30,063,4242428775803045=300920151903613,VISA,PURCHASE,368.26,702,SGD,5651,CHIP,007615,58,Transaction not permitted to terminal,DECLINED,043553,420598685697,Z,M,ACQ-TESTPOC-001,2026-08-14T18:17:37Z
ce71ff83-cf3e-4253-a2e9-2e1bd55489eb,MERCH000010,TERM000028,CARD000352,6011113230241023,601111******1023,Linda Hernandez,11/30,347,6011113230241023=301120135528961,DISCOVER,VOID,36.69,356,INR,5422,SWIPE,010146,61,Exceeds withdrawal amount limit,DECLINED,768327,103927888818,U,N,ACQ-TESTPOC-001,2026-08-29T13:32:59Z
d06bb645-a328-472a-8f1e-68c03d51a5dd,MERCH000002,TERM000005,CARD000201,4111110802144274,411111******4274,Jennifer Jones,04/27,073,4111110802144274=270420156475705,VISA,REFUND,347.08,978,EUR,5422,CONTACTLESS,851856,00,Approved,APPROVED,976186,905096568826,Z,N,ACQ-TESTPOC-001,2026-08-15T08:35:45Z
e3b3f888-c029-4438-b609-ac30f59e5ae2,MERCH000017,TERM000040,CARD000007,2223008122362312,222300******2312,Amara Moore,07/30,760,2223008122362312=300720136690967,MASTERCARD,REFUND,615.68,840,USD,5812,CHIP,472373,00,Approved,APPROVED,368789,640783083069,Z,P,ACQ-TESTPOC-001,2026-08-21T07:14:29Z
2a12f9c4-e32e-4692-bf9f-2b9b042c096f,MERCH000004,TERM000010,CARD000178,6011114322259139,601111******9139,Linda Thomas,06/30,773,6011114322259139=300620192603029,DISCOVER,PURCHASE,221.92,978,EUR,5941,CONTACTLESS,906688,00,Approved,APPROVED,758348,675185711645,Z,M,ACQ-TESTPOC-001,2026-08-26T16:24:47Z
01dcfba0-f1b6-413c-a177-c62d4ceb705b,MERCH000012,TERM000032,CARD000206,3530118218274481,353011******4481,James Dubois,08/29,862,3530118218274481=290820109593518,JCB,PREAUTH,42.44,356,INR,5511,ECOM,739200,12,Invalid transaction,DECLINED,141246,585653377730,N,M,ACQ-TESTPOC-001,2026-08-30T02:44:01Z
083a1816-41d2-45a4-adb9-d834dbcfdd63,MERCH000013,TERM000033,CARD000353,4111112338655963,411111******5963,Sakura Jackson,01/28,384,4111112338655963=280120125304289,VISA,PURCHASE,92.46,756,CHF,5941,SWIPE,720124,14,Invalid card number,DECLINED,697079,025455005490,U,M,ACQ-TESTPOC-001,2026-08-18T20:53:23Z
f60b9f38-fe44-47b4-8aac-7cf63304c8de,MERCH000022,TERM000052,CARD000291,371449700284276,371449*****4276,Karen Singh,03/30,6719,371449700284276=300320178897782,AMEX,PURCHASE,433.99,356,INR,5411,CONTACTLESS,616303,00,Approved,APPROVED,837113,438300091435,N,P,ACQ-TESTPOC-001,2026-08-08T20:34:20Z
9d9877d9-50ea-4cca-918c-4acf6b67ec06,MERCH000020,TERM000048,CARD000010,2223003100330928,222300******0928,Noah Nakamura,03/28,193,2223003100330928=280320174529912,MASTERCARD,PREAUTH,481.87,484,MXN,5251,CONTACTLESS,546628,00,Approved,APPROVED,649275,735189622527,A,U,ACQ-TESTPOC-001,2026-08-20T13:14:43Z
e17b8086-043d-4ce9-87aa-38db68373997,MERCH000002,TERM000005,CARD000085,4111117086688264,411111******8264,Susan Hernandez,05/28,175,4111117086688264=280520118304699,VISA,PURCHASE,34.07,036,AUD,5422,ECOM,771251,00,Approved,APPROVED,691321,589041828051,Z,U,ACQ-TESTPOC-001,2026-09-01T04:57:52Z
30d526a2-6133-49b3-88f3-f774d7559873,MERCH000014,TERM000034,CARD000364,4000003248413763,400000******3763,John Dubois,06/27,185,4000003248413763=270620167243807,VISA,REFUND,415.14,826,GBP,5651,CONTACTLESS,479098,00,Approved,APPROVED,400154,361527695844,A,N,ACQ-TESTPOC-001,2026-08-19T08:05:49Z
d0eb13ab-7223-4b49-a273-d033c7c79bc3,MERCH000001,TERM000002,CARD000082,30569386863375,305693****3375,Sarah Miller,03/29,106,30569386863375=290320190331190,DINERS,PURCHASE,463.04,356,INR,5992,CHIP,137371,00,Approved,APPROVED,314786,503118026691,A,M,ACQ-TESTPOC-001,2026-08-11T03:15:25Z
b2410f21-a04b-4a0b-8661-833b93737557,MERCH000020,TERM000048,CARD000343,4111111921249382,411111******9382,Mary Singh,04/29,894,4111111921249382=290420187060566,VISA,VOID,386.62,036,AUD,5251,MANUAL,189119,00,Approved,APPROVED,843304,925692476883,A,M,ACQ-TESTPOC-001,2026-08-17T22:59:36Z
ab530bf1-5f2e-44a5-9c96-11a18311c68c,MERCH000002,TERM000005,CARD000135,371449205061492,371449*****1492,Michael Smith,04/30,3241,371449205061492=300420171467741,AMEX,VOID,88.99,356,INR,5422,MANUAL,814051,12,Invalid transaction,DECLINED,731284,325179044708,A,U,ACQ-TESTPOC-001,2026-09-03T03:54:48Z
b1ae8886-9510-47f6-b91c-647160456560,MERCH000001,TERM000003,CARD000025,371449533963609,371449*****3609,Noah Singh,12/29,6627,371449533963609=291220102895171,AMEX,PURCHASE,390.50,356,INR,5992,CHIP,031456,00,Approved,APPROVED,284967,572275794074,Y,N,ACQ-TESTPOC-001,2026-08-10T23:30:54Z
23a4350e-4901-4456-ba2d-5803c1f96854,MERCH000007,TERM000021,CARD000136,6011116256527043,601111******7043,Thomas Davis,08/30,490,6011116256527043=300820121158693,DISCOVER,REFUND,382.86,356,INR,5462,CHIP,391369,00,Approved,APPROVED,302965,126410603267,A,N,ACQ-TESTPOC-001,2026-08-27T16:19:23Z
91871aca-b6f6-40d9-a1cb-18d62485d456,MERCH000003,TERM000006,CARD000179,4111112809202428,411111******2428,Mateus Okafor,10/30,041,4111112809202428=301020137977236,VISA,REFUND,69.95,840,USD,5511,SWIPE,654612,00,Approved,APPROVED,337766,360640047486,Z,P,ACQ-TESTPOC-001,2026-08-20T23:44:55Z
34f45b69-f02a-4700-91c5-5e8799c7bb69,MERCH000018,TERM000044,CARD000397,6011114971859486,601111******9486,Michael Andersson,10/29,025,6011114971859486=291020162588967,DISCOVER,REFUND,432.94,036,AUD,5411,CHIP,703610,00,Approved,APPROVED,056158,770177375949,N,N,ACQ-TESTPOC-001,2026-08-15T15:22:08Z
628de1b7-e59f-44d6-a618-014c397348b9,MERCH000002,TERM000005,CARD000271,6011118479513719,601111******3719,Barbara Martinez,07/27,112,6011118479513719=270720141272380,DISCOVER,VOID,488.10,978,EUR,5422,CONTACTLESS,004902,00,Approved,APPROVED,966696,144415596743,N,N,ACQ-TESTPOC-001,2026-09-02T08:00:04Z
bbdc5235-1da0-42a1-b8b6-c35b4d0e4210,MERCH000022,TERM000052,CARD000340,3530118554743552,353011******3552,Hiroshi Hernandez,08/28,020,3530118554743552=280820197002687,JCB,PURCHASE,799.16,392,JPY,5411,SWIPE,170335,62,Restricted card,DECLINED,255646,004999266536,Y,U,ACQ-TESTPOC-001,2026-08-17T12:33:16Z
1981659d-111f-4f4e-9272-509fe599920a,MERCH000021,TERM000051,CARD000121,5555552060385059,555555******5059,Priya Muller,11/27,413,5555552060385059=271120183670241,MASTERCARD,PURCHASE,590.61,756,CHF,5431,CONTACTLESS,872385,57,Transaction not permitted to cardholder,DECLINED,886882,865392768714,Y,N,ACQ-TESTPOC-001,2026-09-01T21:46:24Z
80b2ab9b-27f0-4eff-b6d9-4d254921324a,MERCH000009,TERM000026,CARD000064,6011112992299591,601111******9591,Jennifer Johnson,01/27,943,6011112992299591=270120196907844,DISCOVER,PURCHASE,366.43,840,USD,5462,CONTACTLESS,817357,00,Approved,APPROVED,637036,211625069893,A,P,ACQ-TESTPOC-001,2026-08-07T20:01:22Z
a3bfa916-454e-4642-9240-2f3ec2ae689a,MERCH000013,TERM000033,CARD000206,3530118218274481,353011******4481,James Dubois,08/29,862,3530118218274481=290820109593518,JCB,PURCHASE,87.28,840,USD,5941,ECOM,557039,00,Approved,APPROVED,752193,342718669255,N,M,ACQ-TESTPOC-001,2026-08-29T17:25:16Z
5ea834a0-0202-4a58-9c37-7b95f173c0c4,MERCH000011,TERM000031,CARD000319,371449933496051,371449*****6051,Omar Wilson,02/27,7998,371449933496051=270220140767899,AMEX,VOID,69.09,986,BRL,5541,MANUAL,101561,00,Approved,APPROVED,435450,197384498121,N,M,ACQ-TESTPOC-001,2026-08-07T06:35:57Z
2c97ca30-27e1-4071-8658-754112336ff1,MERCH000002,TERM000005,CARD000336,4111114224124625,411111******4625,Chidi Garcia,10/27,004,4111114224124625=271020161526546,VISA,REFUND,707.54,756,CHF,5422,CHIP,867233,00,Approved,APPROVED,077150,044817736556,Y,N,ACQ-TESTPOC-001,2026-08-12T05:26:06Z
efedd0af-2a56-42ab-a2f9-54eb0066f747,MERCH000005,TERM000012,CARD000396,5555551418186151,555555******6151,Amara Dubois,06/27,423,5555551418186151=270620140163611,MASTERCARD,PURCHASE,182.11,756,CHF,5651,SWIPE,641761,00,Approved,APPROVED,669070,302364169368,N,P,ACQ-TESTPOC-001,2026-08-19T18:51:04Z
db0b860a-33f6-45a8-95bc-34ad50f1b136,MERCH000021,TERM000050,CARD000212,4000007522459335,400000******9335,Jennifer Jackson,05/29,693,4000007522459335=290520115727919,VISA,VOID,126.09,124,CAD,5431,SWIPE,193252,00,Approved,APPROVED,826690,826712693794,U,P,ACQ-TESTPOC-001,2026-08-08T21:32:43Z
f724b21e-35dc-4d80-98c9-43767441f643,MERCH000006,TERM000016,CARD000161,30569399586690,305693****6690,Arjun Hernandez,05/28,472,30569399586690=280520126984858,DINERS,PURCHASE,581.54,036,AUD,7011,MANUAL,368681,00,Approved,APPROVED,914471,114330640980,A,U,ACQ-TESTPOC-001,2026-08-30T16:33:12Z
6661cbe8-0d10-479a-bd67-9d94909a0633,MERCH000016,TERM000038,CARD000171,4242420099688145,424242******8145,Wei Miller,12/28,682,4242420099688145=281220122394312,VISA,PREAUTH,48.36,702,SGD,5431,CONTACTLESS,278790,00,Approved,APPROVED,180072,591204637216,N,U,ACQ-TESTPOC-001,2026-08-25T13:37:22Z
46fed55b-1610-4a34-b66f-8e9483b820ed,MERCH000013,TERM000033,CARD000111,4000006324241545,400000******1545,David Johnson,06/27,643,4000006324241545=270620161103712,VISA,PURCHASE,677.06,356,INR,5941,SWIPE,559997,00,Approved,APPROVED,491160,379395795519,N,P,ACQ-TESTPOC-001,2026-09-01T05:39:28Z
a790d49d-1abd-4698-a355-16e1d239daf1,MERCH000024,TERM000056,CARD000138,4000006163294514,400000******4514,Ava Gonzalez,07/27,854,4000006163294514=270720187099861,VISA,PURCHASE,839.51,124,CAD,5422,CHIP,386256,00,Approved,APPROVED,684653,761125842330,Y,M,ACQ-TESTPOC-001,2026-08-15T09:55:56Z
931693b1-3c81-40f4-b993-d81bf575c2f8,MERCH000012,TERM000032,CARD000128,4000004078593211,400000******3211,Jessica Rodriguez,11/28,803,4000004078593211=281120196522395,VISA,PREAUTH,534.41,826,GBP,5511,SWIPE,287321,00,Approved,APPROVED,041225,788312736548,A,N,ACQ-TESTPOC-001,2026-09-03T12:27:16Z
f1098581-8ff8-480b-9751-cc81833232a2,MERCH000006,TERM000016,CARD000242,5555552197199753,555555******9753,Barbara Martinez,08/27,619,5555552197199753=270820119657013,MASTERCARD,PURCHASE,468.30,840,USD,7011,SWIPE,741627,00,Approved,APPROVED,642852,636512955510,Y,P,ACQ-TESTPOC-001,2026-09-01T11:55:21Z
c38a809e-1026-4d87-8307-d83738efd4ca,MERCH000003,TERM000006,CARD000263,4000003127722003,400000******2003,Susan Wilson,05/29,459,4000003127722003=290520170108220,VISA,PURCHASE,603.79,036,AUD,5511,CONTACTLESS,230036,00,Approved,APPROVED,011256,722350283034,N,P,ACQ-TESTPOC-001,2026-09-01T16:40:16Z
d7ffd70e-afbf-4871-81f9-690d9e26dce0,MERCH000007,TERM000021,CARD000170,6011111449147668,601111******7668,David Moore,08/27,326,6011111449147668=270820184245088,DISCOVER,REFUND,121.17,484,MXN,5462,CHIP,916631,91,Issuer or switch inoperative,DECLINED,442527,696874033045,A,P,ACQ-TESTPOC-001,2026-08-11T05:23:53Z
953ab8b8-7bcd-4acb-b037-4ac3d27272ff,MERCH000003,TERM000006,CARD000200,30569338944844,305693****4844,John Garcia,04/30,241,30569338944844=300420179749735,DINERS,REFUND,27.00,840,USD,5511,CONTACTLESS,458015,00,Approved,APPROVED,764273,176429628092,A,M,ACQ-TESTPOC-001,2026-09-01T22:34:44Z
c1278b4a-eda7-4c71-a7d7-7522fc0acaa1,MERCH000004,TERM000010,CARD000004,3530119577738728,353011******8728,Lucas Nakamura,05/27,951,3530119577738728=270520134332003,JCB,PREAUTH,523.37,756,CHF,5941,CONTACTLESS,131525,75,PIN tries exceeded,DECLINED,390571,232280588377,A,N,ACQ-TESTPOC-001,2026-08-26T11:18:21Z
835519be-df94-4258-a11b-5675b6eb7f54,MERCH000012,TERM000032,CARD000379,30569346225228,305693****5228,Barbara Taylor,08/28,179,30569346225228=280820132302346,DINERS,PURCHASE,149.03,756,CHF,5511,ECOM,395011,00,Approved,APPROVED,121437,525586277888,N,U,ACQ-TESTPOC-001,2026-09-03T13:05:15Z
8f272527-d373-452a-897b-30c3b0ce88d3,MERCH000002,TERM000005,CARD000043,378282226838850,378282*****8850,Robert Wilson,07/27,0715,378282226838850=270720196966416,AMEX,PURCHASE,17.87,124,CAD,5422,MANUAL,880971,00,Approved,APPROVED,877416,861422935545,U,N,ACQ-TESTPOC-001,2026-08-22T03:25:23Z
5e62e2aa-c67f-4f4e-9a47-0b8637a0a206,MERCH000002,TERM000005,CARD000378,5105108869461198,510510******1198,Sarah Kowalski,03/29,364,5105108869461198=290320102701168,MASTERCARD,REFUND,422.04,710,ZAR,5422,MANUAL,113798,00,Approved,APPROVED,234356,045762745116,Y,P,ACQ-TESTPOC-001,2026-08-11T00:23:34Z
fffc9145-64d6-40bb-9db6-87f01fb80764,MERCH000017,TERM000042,CARD000238,5555558585424935,555555******4935,Karen Martin,02/28,587,5555558585424935=280220102070160,MASTERCARD,PURCHASE,560.74,392,JPY,5812,CHIP,133689,00,Approved,APPROVED,814588,600834761289,U,N,ACQ-TESTPOC-001,2026-08-07T10:08:12Z
eaff61d5-a0ea-4000-af86-dde12f3fba7a,MERCH000001,TERM000004,CARD000144,5105103748969107,510510******9107,Hiroshi Martin,09/29,441,5105103748969107=290920171545444,MASTERCARD,REFUND,711.70,702,SGD,5992,MANUAL,799271,05,Do not honor,DECLINED,664169,560338788528,A,U,ACQ-TESTPOC-001,2026-08-24T08:12:53Z
ee5f0c4d-15b3-424c-a8da-4c3d402cd42a,MERCH000017,TERM000042,CARD000054,378282971179807,378282*****9807,Elizabeth Martinez,12/28,6095,378282971179807=281220139621851,AMEX,PURCHASE,337.14,710,ZAR,5812,CHIP,900737,91,Issuer or switch inoperative,DECLINED,615918,499944574441,Y,U,ACQ-TESTPOC-001,2026-08-19T03:10:45Z
1b609990-db39-443a-a689-35063ecd079e,MERCH000013,TERM000033,CARD000381,4000001380698472,400000******8472,Hiroshi Wilson,06/30,555,4000001380698472=300620153566905,VISA,PURCHASE,242.80,392,JPY,5941,CONTACTLESS,759160,14,Invalid card number,DECLINED,982183,435983985907,U,U,ACQ-TESTPOC-001,2026-08-23T07:35:20Z
8ceae1ea-a564-4249-93ad-1be2b2b8c4f9,MERCH000012,TERM000032,CARD000231,30569381794690,305693****4690,Sofia Jackson,05/29,952,30569381794690=290520199787729,DINERS,VOID,566.43,756,CHF,5511,SWIPE,167843,00,Approved,APPROVED,321475,073071776135,Y,M,ACQ-TESTPOC-001,2026-08-20T04:00:17Z
73d03ea0-0561-4e59-8b57-9fcb06a9f6a3,MERCH000016,TERM000038,CARD000199,6011110774064936,601111******4936,Yuki Miller,09/27,686,6011110774064936=270920163266341,DISCOVER,PURCHASE,426.39,702,SGD,5431,CHIP,336999,00,Approved,APPROVED,356586,285023126532,Z,N,ACQ-TESTPOC-001,2026-08-18T06:50:48Z
c9867789-be59-4592-adce-ff348af6bc02,MERCH000011,TERM000031,CARD000061,30569355188440,305693****8440,Barbara Rossi,12/28,583,30569355188440=281220113237058,DINERS,PURCHASE,46.53,702,SGD,5541,CHIP,347714,00,Approved,APPROVED,444471,950935555702,Y,M,ACQ-TESTPOC-001,2026-08-26T16:31:51Z
858ab51f-c771-425d-b23f-c45107e70560,MERCH000014,TERM000034,CARD000241,4242425814876966,424242******6966,Jessica Moore,10/28,276,4242425814876966=281020115396695,VISA,VOID,796.53,036,AUD,5651,CONTACTLESS,947612,91,Issuer or switch inoperative,DECLINED,113008,893912706507,Z,M,ACQ-TESTPOC-001,2026-08-28T09:47:34Z
b6e6a714-cdd6-4a6f-af5e-9c1a9a55bf7c,MERCH000005,TERM000013,CARD000077,2223001612275300,222300******5300,Jessica Anderson,07/29,454,2223001612275300=290720199045301,MASTERCARD,PURCHASE,23.43,986,BRL,5651,CONTACTLESS,468530,00,Approved,APPROVED,982316,455559502635,Z,M,ACQ-TESTPOC-001,2026-08-06T18:18:45Z
43e4470f-039e-4a1c-975d-162f4643b6db,MERCH000016,TERM000039,CARD000250,6011110512927667,601111******7667,Liam Kowalski,11/28,239,6011110512927667=281120150410276,DISCOVER,PURCHASE,198.04,124,CAD,5431,CONTACTLESS,639904,00,Approved,APPROVED,711326,600823696269,Y,N,ACQ-TESTPOC-001,2026-08-11T18:21:09Z
bd951495-ca6a-4b14-bef3-387640b401c9,MERCH000022,TERM000052,CARD000077,2223001612275300,222300******5300,Jessica Anderson,07/29,454,2223001612275300=290720199045301,MASTERCARD,PURCHASE,20.84,986,BRL,5411,CONTACTLESS,906701,65,Exceeds withdrawal frequency limit,DECLINED,357313,120039344907,Z,U,ACQ-TESTPOC-001,2026-09-03T17:31:37Z
1d3e3eaa-da0d-49d7-b1bd-dea4c2fa7624,MERCH000006,TERM000016,CARD000196,371449622023414,371449*****3414,Arjun Brown,03/28,1178,371449622023414=280320100681149,AMEX,PREAUTH,202.78,986,BRL,7011,MANUAL,391929,00,Approved,APPROVED,964548,692105307122,Z,M,ACQ-TESTPOC-001,2026-08-30T12:55:25Z
7a4a7eda-f9f7-46b4-a544-7ee17fb5d59e,MERCH000002,TERM000005,CARD000075,5105105401938022,510510******8022,Robert Santos,03/30,672,5105105401938022=300320140049915,MASTERCARD,VOID,155.37,036,AUD,5422,CHIP,549857,00,Approved,APPROVED,771057,887282063228,Y,M,ACQ-TESTPOC-001,2026-08-20T04:18:31Z
2da3e56c-8807-43ce-9359-88cbd385c9e3,MERCH000006,TERM000017,CARD000296,5555556649878203,555555******8203,Emma Miller,10/28,748,5555556649878203=281020196908357,MASTERCARD,REFUND,356.80,702,SGD,7011,SWIPE,524760,00,Approved,APPROVED,885671,960647245257,N,U,ACQ-TESTPOC-001,2026-08-19T10:02:42Z
8c0ca212-b43d-4fb5-8c58-60c075e7cff8,MERCH000018,TERM000044,CARD000356,3530115677665753,353011******5753,Mary Garcia,07/29,734,3530115677665753=290720115148881,JCB,PURCHASE,12.97,036,AUD,5411,MANUAL,946577,61,Exceeds withdrawal amount limit,DECLINED,480403,061298897284,N,U,ACQ-TESTPOC-001,2026-08-27T20:28:25Z
fda041ed-00b2-4efb-9520-a589d10b2067,MERCH000017,TERM000040,CARD000307,4242421800537597,424242******7597,Thomas Taylor,01/27,964,4242421800537597=270120165280924,VISA,PREAUTH,611.90,986,BRL,5812,ECOM,641700,58,Transaction not permitted to terminal,DECLINED,358193,371860566880,N,M,ACQ-TESTPOC-001,2026-08-31T19:09:51Z
d1ce98b2-f7b8-4d08-a897-d28897401185,MERCH000023,TERM000054,CARD000194,2223004558845060,222300******5060,Hiroshi Miller,06/27,998,2223004558845060=270620124558771,MASTERCARD,PURCHASE,55.42,986,BRL,5812,SWIPE,831242,51,Insufficient funds,DECLINED,583683,535416019919,U,P,ACQ-TESTPOC-001,2026-08-26T20:04:24Z
cb9160d6-415d-411e-90c4-9c334862e31c,MERCH000018,TERM000043,CARD000268,5105103107427994,510510******7994,Olivia Dubois,08/27,262,5105103107427994=270820157016580,MASTERCARD,VOID,588.63,840,USD,5411,ECOM,671520,00,Approved,APPROVED,502832,710740433689,A,U,ACQ-TESTPOC-001,2026-08-22T11:00:16Z
29233f80-9c50-4730-88e9-ec7a717fd673,MERCH000020,TERM000049,CARD000232,5105103010713969,510510******3969,Amara Lopez,01/30,830,5105103010713969=300120134414488,MASTERCARD,PURCHASE,569.57,978,EUR,5251,CHIP,109007,00,Approved,APPROVED,053473,178502050254,U,U,ACQ-TESTPOC-001,2026-08-14T07:18:02Z
8085de33-25ea-4395-9abc-f52efb82400c,MERCH000006,TERM000016,CARD000361,4000002316433489,400000******3489,Patricia Lopez,08/27,802,4000002316433489=270820156621286,VISA,PURCHASE,147.15,986,BRL,7011,CONTACTLESS,997475,00,Approved,APPROVED,671092,396597442526,U,P,ACQ-TESTPOC-001,2026-08-14T16:48:58Z
3716c19e-15fa-43d6-8ee9-15f277f1e317,MERCH000022,TERM000052,CARD000029,378282713695946,378282*****5946,Arjun Rodriguez,01/29,0909,378282713695946=290120174395339,AMEX,PURCHASE,180.30,702,SGD,5411,CHIP,513379,00,Approved,APPROVED,804625,376699768160,U,P,ACQ-TESTPOC-001,2026-08-27T09:34:42Z
ab9192c7-8bb5-4c92-9474-3b95d275147b,MERCH000011,TERM000031,CARD000393,4111111840118452,411111******8452,James Davis,07/28,408,4111111840118452=280720148729758,VISA,REFUND,443.30,392,JPY,5541,ECOM,688144,00,Approved,APPROVED,616804,908035862405,Z,P,ACQ-TESTPOC-001,2026-09-02T21:40:22Z
33b6d4f0-e241-468a-9268-94b926daac7b,MERCH000009,TERM000027,CARD000014,5555557770143631,555555******3631,Camila Lopez,11/29,788,5555557770143631=291120156855744,MASTERCARD,VOID,220.41,826,GBP,5462,CHIP,527911,00,Approved,APPROVED,945146,110851846689,U,P,ACQ-TESTPOC-001,2026-08-17T16:23:25Z
20785b13-5ef7-4152-b763-7c7e86092f8f,MERCH000020,TERM000048,CARD000085,4111117086688264,411111******8264,Susan Hernandez,05/28,175,4111117086688264=280520118304699,VISA,PURCHASE,425.57,978,EUR,5251,CHIP,734800,00,Approved,APPROVED,927727,226425972055,A,N,ACQ-TESTPOC-001,2026-09-03T04:37:08Z
9e263c74-5fdb-4bf2-8df3-bfa0e7395234,MERCH000019,TERM000047,CARD000248,371449879565448,371449*****5448,Hiroshi Kowalski,01/28,4940,371449879565448=280120179290490,AMEX,VOID,823.16,826,GBP,4814,MANUAL,474984,04,Pick up card,DECLINED,468562,460429371784,Z,N,ACQ-TESTPOC-001,2026-08-06T18:04:54Z
58fea0e3-7ccd-4b07-b293-3275e727741d,MERCH000003,TERM000007,CARD000221,30569332482627,305693****2627,John Moore,06/28,812,30569332482627=280620152056647,DINERS,PURCHASE,687.56,840,USD,5511,MANUAL,292676,00,Approved,APPROVED,649774,889798877544,A,P,ACQ-TESTPOC-001,2026-09-02T21:48:29Z
5ab64114-9d48-4e76-bbf7-a50e4c3ea871,MERCH000015,TERM000037,CARD000036,4242427758917830,424242******7830,Sofia Martinez,12/27,700,4242427758917830=271220176617711,VISA,REFUND,614.02,826,GBP,5941,ECOM,360596,62,Restricted card,DECLINED,190835,751934638901,N,P,ACQ-TESTPOC-001,2026-08-29T03:59:53Z
